"行識別子","団体コード","自治体・運営団体名","事業キー","会計区分","決算年度","処理区域内人口（人） [servicePopulation]","水洗化人口（人） [connectedPopulation]","年間汚水処理水量（m³/年） [treatedVolume]","年間有収水量（m³/年） [annualBillableVolume]","一般家庭用20m³月額（円/月・税込） [householdFee20m3Yen]","使用料収入（千円/年） [sewerFeeRevenue]","汚水処理費（千円/年） [wastewaterTreatmentCost]","維持管理費分（千円/年） [opexComponent]","資本費分（千円/年） [capitalCostComponent]","営業費用（千円） [operating_expense]","管渠費（千円） [pipeline_expense]","ポンプ場費（千円） [pump_station_expense]","処理場費（千円） [treatment_plant_expense]","業務費（千円） [business_expense]","総係費（千円） [general_administration_expense]","職員給与費計（千円） [personnel_cost_total]","支払利息計（千円） [interest_cost_total]","減価償却費（千円） [depreciation_cost]","動力費（千円） [power_cost]","水道光熱費（千円） [water_and_utilities_cost]","通信運搬費（千円） [communications_transport_cost]","修繕費（千円） [repair_cost]","材料費（千円） [materials_cost]","薬品費（千円） [chemical_cost]","路面復旧費（千円） [road_restoration_cost]","委託料（千円） [outsourcing_cost]","流域下水道管理運営費負担金（千円） [regional_sewerage_contribution]","その他（千円） [other_cost]","費用合計（千円） [total_cost]"
"010006:17-1-000:non_legal_applied:2020","010006","北海道","17-1-000","non_legal_applied","2020","0","0","0","0","0","0","0","0","0","","","","","","","","","","","","","","","","","","","",""
"011002:17-1-000:legal_applied:2020","011002","札幌市","17-1-000","legal_applied","2020","1946978","1946024","269262632","201896779","1371","17814575","19248992","10888092","8360900","43055036","4484244","703886","10005574","1476449","822366","3062814","2792458","24619178","2100267","145832","22455","1950116","380210","143881","136760","9334930","0","1359907","46048808"
"012025:17-1-000:legal_applied:2020","012025","函館市","17-1-000","legal_applied","2020","224528","216080","34478928","25979228","3014","4037713","3234242","1845138","1389104","5658619","306891","177735","673687","226414","244343","356685","720927","3524083","182366","8545","4337","275150","21151","58301","0","518270","435642","297165","6402622"
"012033:17-1-000:legal_applied:2020","012033","小樽市","17-1-000","legal_applied","2020","110721","108316","17928189","11388363","2750","1777190","1666791","1141424","525367","3099493","106353","55483","833504","0","209885","79975","141476","1829811","178941","2450","1934","9976","6535","57285","8519","596239","0","391009","3304150"
"012041:17-1-000:legal_applied:2020","012041","旭川市","17-1-000","legal_applied","2020","320615","311041","42902178","31459563","3264","5133452","5118499","2665761","2452738","7745044","507211","148115","1417754","232084","718066","514810","442448","4706083","540","2252","8878","578066","931","751","0","1486538","0","481659","8222956"
"012050:17-1-000:legal_applied:2020","012050","室蘭市","17-1-000","legal_applied","2020","80160","76804","10773440","7293950","3663","1420108","1085858","682088","403770","2358416","168722","125612","583157","0","81355","122638","195368","1362806","107596","4556","2590","242288","1085","0","0","448450","0","98700","2586077"
"012068:17-1-000:legal_applied:2020","012068","釧路市","17-1-000","legal_applied","2020","157045","150787","22183960","14617495","4502","3224419","2653433","1391775","1261658","4768037","505658","205975","769271","199231","88309","233762","333326","2905311","228759","33","722","354594","37247","35561","0","665461","0","360292","5155068"
"012076:17-1-000:legal_applied:2020","012076","帯広市","17-1-000","legal_applied","2020","158197","156561","21497316","16178989","2970","2622471","2123240","1138246","984994","3589667","380524","0","302479","132541","59141","103065","342085","2251048","52958","6574","1918","214779","600","0","0","283346","431304","262413","3950090"
"012084:17-1-000:legal_applied:2020","012084","北見市","17-1-000","legal_applied","2020","103075","102258","14863635","9910210","3620","1696732","1672896","701797","971099","3389743","279492","5376","463774","81729","100003","182268","385975","2366354","93825","2967","2160","102124","4222","32374","0","372827","0","209968","3755064"
"012092:17-1-000:non_legal_applied:2020","012092","夕張市","17-1-000","non_legal_applied","2020","2038","1863","247861","188403","5105","50615","82650","82650","0","","","","","","","","","","","","","","","","","","","",""
"012106:17-1-000:legal_applied:2020","012106","岩見沢市","17-1-000","legal_applied","2020","69040","68467","9769202","6210665","3477","1181533","818110","628708","189402","2067731","144043","21084","437157","0","198209","44319","145292","1266821","83189","2074","1654","64195","7865","0","0","532758","0","138093","2286260"
"012114:17-1-000:legal_applied:2020","012114","網走市","17-1-000","legal_applied","2020","29880","29611","3976711","3394330","4331","618896","690523","330359","360164","1185976","27537","56100","170810","0","72855","36909","82969","855998","66897","0","0","19755","1936","253","0","157017","0","50920","1272654"
"012122:17-1-000:non_legal_applied:2020","012122","留萌市","17-1-000","non_legal_applied","2020","17076","15193","1739765","1513424","4820","354820","407598","243489","164109","","","","","","","","","","","","","","","","","","","",""
"012131:17-1-000:legal_applied:2020","012131","苫小牧市","17-1-000","legal_applied","2020","168481","168235","19556000","15762900","2295","2284665","2060121","1030925","1029196","3943216","176141","46077","816828","146339","16201","139517","476327","2681080","119371","4381","3485","121604","950","46968","0","699618","0","157587","4450888"
"012149:17-1-000:legal_applied:2020","012149","稚内市","17-1-000","legal_applied","2020","29191","27477","4811376","2739254","3300","449450","449450","341543","107907","961740","34369","0","279822","29190","7110","20115","101555","611240","32435","4321","655","19234","0","0","0","135484","0","153204","1078243"
"012157:17-1-000:non_legal_applied:2020","012157","美唄市","17-1-000","non_legal_applied","2020","15244","14401","1875110","1384436","4998","364486","407039","167320","239719","","","","","","","","","","","","","","","","","","","",""
"012165:17-1-000:non_legal_applied:2020","012165","芦別市","17-1-000","non_legal_applied","2020","11115","10175","1134653","908525","5042","250176","261335","105898","155437","","","","","","","","","","","","","","","","","","","",""
"012173:17-1-000:legal_applied:2020","012173","江別市","17-1-000","legal_applied","2020","116609","116062","14717194","11643988","2343","1291833","1209143","839704","369439","3036937","179895","114292","407772","0","278740","144757","168281","2040911","111463","2016","4273","164435","0","47793","11769","264208","0","256036","3215942"
"012181:17-1-000:non_legal_applied:2020","012181","赤平市","17-1-000","non_legal_applied","2020","8414","7515","810202","629698","4707","174207","169780","64868","104912","","","","","","","","","","","","","","","","","","","",""
"012190:17-1-000:legal_applied:2020","012190","紋別市","17-1-000","legal_applied","2020","19480","18751","3644595","2438952","4158","420730","341363","204721","136642","930586","8203","24482","179242","0","48218","48414","94282","619908","31703","1168","5850","24164","2716","10374","0","103326","0","90725","1032630"
"012203:17-1-000:non_legal_applied:2020","012203","士別市","17-1-000","non_legal_applied","2020","13700","13640","3593894","1337017","3131","200762","200762","55823","144939","","","","","","","","","","","","","","","","","","","",""
"012211:17-1-000:legal_applied:2020","012211","名寄市","17-1-000","legal_applied","2020","23302","22940","2852968","2158990","3870","379454","286285","128489","157796","1019130","39984","0","167800","0","35279","106398","65999","752217","45098","1314","498","19423","0","7009","0","46230","0","41888","1086074"
"012220:17-1-000:legal_applied:2020","012220","三笠市","17-1-000","legal_applied","2020","7015","6335","951254","814248","5583","192229","192229","101676","90553","476742","11023","8055","58800","0","19588","21038","47258","370287","0","0","0","6161","0","0","0","74147","0","6158","525049"
"012238:17-1-000:legal_applied:2020","012238","根室市","17-1-000","legal_applied","2020","18356","15779","2467519","1692352","4312","425955","511353","247727","263626","780737","19478","26398","161794","24801","55415","33835","29857","475241","0","0","69","67","1078","0","0","222260","0","52261","814668"
"012246:17-1-000:legal_applied:2020","012246","千歳市","17-1-000","legal_applied","2020","95440","95372","16982601","14061932","1938","1352888","1351358","833393","517965","2886773","244982","30371","599674","90734","58319","109187","162434","1843187","10575","0","67","286699","18166","0","0","475555","0","159208","3065078"
"012254:17-1-000:legal_applied:2020","012254","滝川市","17-1-000","legal_applied","2020","36987","34694","4307038","3377164","4134","705649","488115","196469","291646","1068533","45594","11211","0","36474","6867","10030","85931","808921","2569","178","258","10106","5324","0","0","25748","156442","48957","1154464"
"012262:17-1-000:legal_applied:2020","012262","砂川市","17-1-000","legal_applied","2020","15329","15121","1928063","1423107","4760","334257","286966","116180","170786","458119","27303","7521","0","0","29161","19291","40635","337397","138","1838","201","12441","0","0","0","14565","55264","17869","499639"
"012271:17-1-000:non_legal_applied:2020","012271","歌志内市","17-1-000","non_legal_applied","2020","2964","2842","481249","317372","4797","75326","75326","38929","36397","","","","","","","","","","","","","","","","","","","",""
"012289:17-1-000:non_legal_applied:2020","012289","深川市","17-1-000","non_legal_applied","2020","15092","14358","1753866","1429550","3850","294367","296169","166847","129322","","","","","","","","","","","","","","","","","","","",""
"012297:17-1-000:non_legal_applied:2020","012297","富良野市","17-1-000","non_legal_applied","2020","15550","15131","1829789","1478352","3542","271035","277316","224034","53282","","","","","","","","","","","","","","","","","","","",""
"012301:17-1-000:legal_applied:2020","012301","登別市","17-1-000","legal_applied","2020","44565","38731","3603477","3214647","4246","664934","567394","369542","197852","1362774","49951","18805","235623","51974","28800","50370","261080","968645","0","0","0","25090","165","240","3780","265785","0","48797","1623952"
"012319:17-1-000:legal_applied:2020","012319","恵庭市","17-1-000","legal_applied","2020","68356","68233","9496290","7516758","2399","969501","961261","455611","505650","2189678","88278","0","437347","54607","75377","63883","155699","1457441","60566","1045","1058","50210","11711","0","0","437361","0","121560","2360534"
"012335:17-1-000:legal_applied:2020","012335","伊達市","17-1-000","legal_applied","2020","25722","24206","2741135","2512694","4856","599847","643076","311126","331950","946590","30409","3532","227137","0","80251","47607","79922","543497","27145","2345","652","8263","246","0","0","244280","0","76960","1030917"
"012343:17-1-000:legal_applied:2020","012343","北広島市","17-1-000","legal_applied","2020","56505","56480","7189290","5695327","2442","780583","607673","369360","238313","1919259","109149","35206","230471","40104","49553","69166","103721","1344144","47880","1034","728","50738","0","0","0","225628","0","84906","1927945"
"012351:17-1-000:legal_applied:2020","012351","石狩市","17-1-000","legal_applied","2020","53181","52949","4617555","4351583","2739","599769","646251","315424","330827","1152773","67282","40149","163938","42600","43547","62813","130619","787573","9610","318","868","43815","0","586","0","37579","0","212178","1285959"
"012360:17-1-000:legal_applied:2020","012360","北斗市","17-1-000","legal_applied","2020","39812","35011","4466365","4208704","2750","586477","558948","226625","332323","787310","42605","0","0","31586","18736","31292","96602","560644","2292","104","383","8122","0","0","0","38601","133697","12176","883913"
"013030:17-1-000:non_legal_applied:2020","013030","当別町","17-1-000","non_legal_applied","2020","13386","12899","1560189","1155508","2970","190937","367393","211788","155605","","","","","","","","","","","","","","","","","","","",""
"013340:17-1-000:non_legal_applied:2020","013340","木古内町","17-1-000","non_legal_applied","2020","2427","1656","141139","126503","4400","29796","116423","41559","74864","","","","","","","","","","","","","","","","","","","",""
"013374:17-1-000:legal_applied:2020","013374","七飯町","17-1-000","legal_applied","2020","21551","17767","2880742","2698673","2684","322034","133483","133483","0","390620","24587","0","0","20828","2169","20573","51857","263523","0","60","1106","1886","0","0","576","9508","78390","22510","449989"
"013455:17-1-000:legal_applied:2020","013455","森町","17-1-000","legal_applied","2020","7505","7133","583435","506014","3400","87778","172845","115934","56911","380054","15122","636","73343","0","26833","17343","59996","264120","10555","336","527","15135","0","3087","0","51240","0","17711","440050"
"013463:17-1-000:non_legal_applied:2020","013463","八雲町","17-1-000","non_legal_applied","2020","9041","8689","926666","880703","3630","167427","219026","109610","109416","","","","","","","","","","","","","","","","","","","",""
"013471:17-1-000:non_legal_applied:2020","013471","長万部町","17-1-000","non_legal_applied","2020","3679","2805","602069","333124","3300","59565","134710","134710","0","","","","","","","","","","","","","","","","","","","",""
"013617:17-1-000:non_legal_applied:2020","013617","江差町","17-1-000","non_legal_applied","2020","2888","1661","147130","174555","4180","40160","123514","100270","23244","","","","","","","","","","","","","","","","","","","",""
"013706:17-1-000:non_legal_applied:2020","013706","今金町","17-1-000","non_legal_applied","2020","3320","3116","319672","281248","2950","43529","73667","73667","0","","","","","","","","","","","","","","","","","","","",""
"013714:17-1-000:non_legal_applied:2020","013714","せたな町","17-1-000","non_legal_applied","2020","2800","2618","483233","287752","3290","50294","82839","73839","9000","","","","","","","","","","","","","","","","","","","",""
"014001:17-1-000:non_legal_applied:2020","014001","倶知安町","17-1-000","non_legal_applied","2020","11159","10832","1431250","1100232","3400","209426","210107","144180","65927","","","","","","","","","","","","","","","","","","","",""
"014010:17-1-000:non_legal_applied:2020","014010","共和町","17-1-000","non_legal_applied","2020","1270","819","115802","71812","3880","15319","20860","14519","6341","","","","","","","","","","","","","","","","","","","",""
"014028:17-1-000:legal_applied:2020","014028","岩内町","17-1-000","legal_applied","2020","8355","4527","867165","388277","3960","56233","209851","159029","50822","513685","10137","0","128231","0","20324","7956","51513","354993","0","1320","375","4810","0","0","0","101951","0","42310","565228"
"014061:17-1-000:non_legal_applied:2020","014061","古平町","17-1-000","non_legal_applied","2020","2383","1419","161787","139610","4135","28414","39569","39569","0","","","","","","","","","","","","","","","","","","","",""
"014087:17-1-000:non_legal_applied:2020","014087","余市町","17-1-000","non_legal_applied","2020","14657","13315","1717465","1252792","4300","280574","357823","182464","175359","","","","","","","","","","","","","","","","","","","",""
"014231:17-1-000:non_legal_applied:2020","014231","南幌町","17-1-000","non_legal_applied","2020","5387","5376","661344","532936","3924","115785","120622","107879","12743","","","","","","","","","","","","","","","","","","","",""
"014249:17-1-000:non_legal_applied:2020","014249","奈井江町","17-1-000","non_legal_applied","2020","4470","4301","724392","534622","4528","124646","128613","52929","75684","","","","","","","","","","","","","","","","","","","",""
"014281:17-1-000:non_legal_applied:2020","014281","長沼町","17-1-000","non_legal_applied","2020","5887","5779","899467","540073","3924","110175","110175","73322","36853","","","","","","","","","","","","","","","","","","","",""
"014290:17-1-000:legal_applied:2020","014290","栗山町","17-1-000","legal_applied","2020","8632","8371","1075406","781543","4884","179213","195311","129771","65540","401912","9158","0","104628","0","13846","8016","23469","273937","0","40","0","3316","294","0","0","109306","0","8799","427177"
"014320:17-1-000:non_legal_applied:2020","014320","新十津川町","17-1-000","non_legal_applied","2020","4402","4247","378827","333065","3916","67595","82735","44290","38445","","","","","","","","","","","","","","","","","","","",""
"014524:17-1-000:non_legal_applied:2020","014524","鷹栖町","17-1-000","non_legal_applied","2020","4846","4817","585589","427933","2555","61387","74936","54340","20596","","","","","","","","","","","","","","","","","","","",""
"014532:17-1-000:legal_applied:2020","014532","東神楽町","17-1-000","legal_applied","2020","8574","8572","1045064","906493","2200","103551","135612","105546","30066","231036","17934","1221","63154","0","21133","16028","13746","127594","825","0","387","2900","0","0","0","78356","0","7050","246886"
"014575:17-1-000:non_legal_applied:2020","014575","上川町","17-1-000","non_legal_applied","2020","2778","2444","395311","215525","2604","32555","72665","38591","34074","","","","","","","","","","","","","","","","","","","",""
"014591:17-1-000:non_legal_applied:2020","014591","美瑛町","17-1-000","non_legal_applied","2020","6402","6206","881915","603620","2904","92086","90543","78748","11795","","","","","","","","","","","","","","","","","","","",""
"014605:17-1-000:non_legal_applied:2020","014605","上富良野町","17-1-000","non_legal_applied","2020","8545","7794","870077","769408","3625","132072","189932","96939","92993","","","","","","","","","","","","","","","","","","","",""
"014681:17-1-000:non_legal_applied:2020","014681","下川町","17-1-000","non_legal_applied","2020","2507","2433","279691","214936","2486","29527","52952","52952","0","","","","","","","","","","","","","","","","","","","",""
"014699:17-1-000:non_legal_applied:2020","014699","美深町","17-1-000","non_legal_applied","2020","3220","3112","432661","304924","2940","46827","46827","44490","2337","","","","","","","","","","","","","","","","","","","",""
"014818:17-1-000:legal_applied:2020","014818","増毛町","17-1-000","legal_applied","2020","2522","1894","211679","194801","3790","33014","65012","33494","31518","118113","859","3003","19203","0","10263","8619","11102","84785","5278","306","1940","1690","0","1105","0","12516","0","2043","129384"
"014842:17-1-000:non_legal_applied:2020","014842","羽幌町","17-1-000","non_legal_applied","2020","5642","4158","462408","422069","3600","79001","146904","102771","44133","","","","","","","","","","","","","","","","","","","",""
"015121:17-1-000:non_legal_applied:2020","015121","浜頓別町","17-1-000","non_legal_applied","2020","2971","2829","501104","330940","3410","52522","100048","68797","31251","","","","","","","","","","","","","","","","","","","",""
"015148:17-1-000:legal_applied:2020","015148","枝幸町","17-1-000","legal_applied","2020","4778","4380","805749","464289","2860","64599","79464","79463","1","238661","2349","0","61622","0","15025","8452","13265","158852","4577","2389","302","9366","0","0","0","48019","0","7744","252966"
"015431:17-1-000:non_legal_applied:2020","015431","美幌町","17-1-000","non_legal_applied","2020","16228","15668","1994993","1448024","4950","359720","414337","284590","129747","","","","","","","","","","","","","","","","","","","",""
"015458:17-1-000:non_legal_applied:2020","015458","斜里町","17-1-000","non_legal_applied","2020","7878","7526","939346","759632","3190","128866","285905","141986","143919","","","","","","","","","","","","","","","","","","","",""
"015555:17-1-000:legal_applied:2020","015555","遠軽町","17-1-000","legal_applied","2020","14098","13188","1982899","1143660","4180","229428","198696","180334","18362","660807","44077","7788","166767","0","30953","38961","54990","409798","0","0","0","27110","55","0","0","125850","0","65090","721854"
"015610:17-1-000:non_legal_applied:2020","015610","興部町","17-1-000","non_legal_applied","2020","2321","2317","395062","215212","3630","41590","57121","38314","18807","","","","","","","","","","","","","","","","","","","",""
"015636:17-1-000:non_legal_applied:2020","015636","雄武町","17-1-000","non_legal_applied","2020","3317","2889","343496","277284","3590","55129","69062","69062","0","","","","","","","","","","","","","","","","","","","",""
"015644:17-1-000:non_legal_applied:2020","015644","大空町","17-1-000","non_legal_applied","2020","3261","3189","381038","352954","4441","77028","86666","28531","58135","","","","","","","","","","","","","","","","","","","",""
"015784:17-1-000:legal_applied:2020","015784","白老町","17-1-000","legal_applied","2020","14022","13298","1788296","1373520","4422","347634","346063","181272","164791","867824","43242","12584","182359","0","45824","24001","88138","562235","0","0","0","33080","1292","0","1719","217289","0","28208","955962"
"015814:17-1-000:non_legal_applied:2020","015814","厚真町","17-1-000","non_legal_applied","2020","1683","1670","172438","174524","3960","37537","38631","38631","0","","","","","","","","","","","","","","","","","","","",""
"015849:17-1-000:non_legal_applied:2020","015849","洞爺湖町","17-1-000","non_legal_applied","2020","6432","5686","1780431","1406894","3250","122568","422054","173785","248269","","","","","","","","","","","","","","","","","","","",""
"015857:17-1-000:non_legal_applied:2020","015857","安平町","17-1-000","non_legal_applied","2020","3187","2913","307393","252759","3960","51736","59581","59581","0","","","","","","","","","","","","","","","","","","","",""
"015865:17-1-000:legal_applied:2020","015865","むかわ町","17-1-000","legal_applied","2020","3244","2933","431070","307124","3860","55355","55355","54207","1148","179481","5786","0","37998","0","10357","8571","19863","125340","6925","172","162","3593","661","1322","0","30639","0","2160","199408"
"016071:17-1-000:non_legal_applied:2020","016071","浦河町","17-1-000","non_legal_applied","2020","6653","6153","884811","609479","3520","110755","110755","85440","25315","","","","","","","","","","","","","","","","","","","",""
"016101:17-1-000:non_legal_applied:2020","016101","新ひだか町","17-1-000","non_legal_applied","2020","14137","12303","1922281","1362234","4220","316624","365729","229230","136499","","","","","","","","","","","","","","","","","","","",""
"016314:17-1-000:legal_applied:2020","016314","音更町","17-1-000","legal_applied","2020","39219","39095","4557806","3669830","3206","581832","487289","236075","251214","813075","28055","19785","34253","0","30838","4376","99551","571811","10194","212","14","21790","253","0","357","74634","114359","15692","913243"
"016357:17-1-000:non_legal_applied:2020","016357","新得町","17-1-000","non_legal_applied","2020","4695","4575","576335","432440","2944","68557","90012","90012","0","","","","","","","","","","","","","","","","","","","",""
"016365:17-1-000:legal_applied:2020","016365","清水町","17-1-000","legal_applied","2020","5123","4989","824474","496928","3800","88559","118059","74000","44059","190005","134","0","45116","0","25736","14756","3889","119019","10298","427","48","2603","1911","498","0","36428","0","7066","196943"
"016373:17-1-000:legal_applied:2020","016373","芽室町","17-1-000","legal_applied","2020","14391","14362","3879521","2850625","3037","401743","498911","191113","307798","569028","43429","33009","0","8587","20504","19882","25679","362329","3563","177","782","41283","462","0","0","37622","101170","11235","604184"
"016411:17-1-000:non_legal_applied:2020","016411","大樹町","17-1-000","non_legal_applied","2020","3698","3463","331583","312603","3721","58076","83592","62674","20918","","","","","","","","","","","","","","","","","","","",""
"016420:17-1-000:non_legal_applied:2020","016420","広尾町","17-1-000","non_legal_applied","2020","5248","5130","486736","469164","4070","97777","102919","81780","21139","","","","","","","","","","","","","","","","","","","",""
"016438:17-1-000:non_legal_applied:2020","016438","幕別町","17-1-000","non_legal_applied","2020","21955","21752","2189953","1942010","3220","333647","487274","225679","261595","","","","","","","","","","","","","","","","","","","",""
"016446:17-1-000:legal_applied:2020","016446","池田町","17-1-000","legal_applied","2020","4835","4619","799615","506888","4059","98543","122245","95539","26706","307125","6720","0","70000","4111","20958","27953","14990","196177","11070","565","172","9751","0","2104","0","30957","0","29154","322893"
"016462:17-1-000:non_legal_applied:2020","016462","本別町","17-1-000","non_legal_applied","2020","4506","4192","438129","388494","3498","72035","135054","64389","70665","","","","","","","","","","","","","","","","","","","",""
"016471:17-1-000:non_legal_applied:2020","016471","足寄町","17-1-000","non_legal_applied","2020","4707","3458","361964","327204","3317","58482","92068","92068","0","","","","","","","","","","","","","","","","","","","",""
"016497:17-1-000:non_legal_applied:2020","016497","浦幌町","17-1-000","non_legal_applied","2020","2855","2768","409901","267293","4342","59548","57198","31841","25357","","","","","","","","","","","","","","","","","","","",""
"016616:17-1-000:non_legal_applied:2020","016616","釧路町","17-1-000","non_legal_applied","2020","17459","15856","2208456","1451913","4509","333113","343102","155535","187567","","","","","","","","","","","","","","","","","","","",""
"016624:17-1-000:non_legal_applied:2020","016624","厚岸町","17-1-000","non_legal_applied","2020","6894","5568","626451","504324","3910","99315","361953","90196","271757","","","","","","","","","","","","","","","","","","","",""
"016641:17-1-000:non_legal_applied:2020","016641","標茶町","17-1-000","non_legal_applied","2020","4465","4075","563590","408484","3190","73850","123054","70935","52119","","","","","","","","","","","","","","","","","","","",""
"016659:17-1-000:non_legal_applied:2020","016659","弟子屈町","17-1-000","non_legal_applied","2020","4383","3697","412579","336164","4235","86345","162834","75464","87370","","","","","","","","","","","","","","","","","","","",""
"016683:17-1-000:non_legal_applied:2020","016683","白糠町","17-1-000","non_legal_applied","2020","5489","3800","375778","314446","4070","50322","354101","67304","286797","","","","","","","","","","","","","","","","","","","",""
"016926:17-1-000:non_legal_applied:2020","016926","中標津町","17-1-000","non_legal_applied","2020","18801","17422","2313841","1686370","3806","342287","459206","257118","202088","","","","","","","","","","","","","","","","","","","",""
"022012:17-1-000:legal_applied:2020","022012","青森市","17-1-000","legal_applied","2020","224597","200126","31135755","21950645","3108","3652402","3785925","1419626","2366299","6754636","142176","248755","798084","226181","152587","530111","908804","5071388","182670","4080","5107","63296","5584","35150","0","632167","57748","193729","7689834"
"022021:17-1-000:legal_applied:2020","022021","弘前市","17-1-000","legal_applied","2020","140477","132541","18294043","14891278","3145","2726104","2207853","1455900","751953","3674514","187019","51653","114688","120312","109646","208326","411413","2063578","32948","889","5247","71030","3634","1811","2750","157440","1024524","112404","4095994"
"022039:17-1-000:legal_applied:2020","022039","八戸市","17-1-000","legal_applied","2020","145691","123350","18489772","12787059","3383","2403843","2732110","1274813","1457297","5927823","281057","178969","568966","66449","185114","205881","405079","4319803","123425","28506","12417","112570","16773","34782","0","667930","327462","290223","6544851"
"022047:17-1-000:legal_applied:2020","022047","黒石市","17-1-000","legal_applied","2020","18339","15611","1818094","1479921","4045","323149","327134","180545","146589","493988","35873","15901","0","0","31536","17766","73901","306081","1954","141","168","14866","0","0","3300","37458","102573","8311","566519"
"022055:17-1-000:legal_applied:2020","022055","五所川原市","17-1-000","legal_applied","2020","18755","16419","2731420","1773336","3300","351618","390999","299961","91038","752214","35480","0","230170","0","36224","23276","70364","450340","21437","940","694","16814","9629","4318","0","212968","0","14366","825146"
"022063:17-1-000:legal_applied:2020","022063","十和田市","17-1-000","legal_applied","2020","42351","36440","4529280","3906553","4045","836487","728467","431010","297457","1398517","59051","15187","284151","0","85623","69796","185471","940268","35919","106","617","40768","3821","11112","0","240040","0","56360","1584278"
"022071:17-1-000:legal_applied:2020","022071","三沢市","17-1-000","legal_applied","2020","27037","24295","2402556","2275270","3130","397503","412230","250090","162140","975141","12003","10218","183923","14068","35621","42643","134098","707957","24305","226","873","5621","533","11628","1815","163609","0","16094","1109402"
"022080:17-1-000:legal_applied:2020","022080","むつ市","17-1-000","legal_applied","2020","8552","3180","562401","498973","3300","84571","143282","143282","0","639721","8830","0","81860","3987","36448","34790","98171","508408","14174","1152","1112","7901","0","2110","0","65664","0","16377","749859"
"022098:17-1-000:legal_applied:2020","022098","つがる市","17-1-000","legal_applied","2020","6585","4100","517507","439415","3410","65069","88794","88794","0","353841","8373","0","30335","0","41972","23422","54516","273161","9427","742","1557","6453","0","1089","0","23426","0","26568","420361"
"022101:17-1-000:legal_applied:2020","022101","平川市","17-1-000","legal_applied","2020","22286","18641","2305117","1876356","3124","302034","425614","172516","253098","501319","13970","0","0","49","28665","18825","69480","328803","5347","0","1465","729","0","0","1008","10685","129832","4625","570799"
"023019:17-1-000:non_legal_applied:2020","023019","平内町","17-1-000","non_legal_applied","2020","4077","1801","161208","161208","2980","25041","41331","41331","0","","","","","","","","","","","","","","","","","","","",""
"023078:17-1-000:non_legal_applied:2020","023078","外ヶ浜町","17-1-000","non_legal_applied","2020","1346","421","91218","79631","2860","12093","25079","25079","0","","","","","","","","","","","","","","","","","","","",""
"023213:17-1-000:non_legal_applied:2020","023213","鰺ケ沢町","17-1-000","non_legal_applied","2020","3038","1223","157366","134399","2297","16742","38039","35945","2094","","","","","","","","","","","","","","","","","","","",""
"023612:17-1-000:legal_applied:2020","023612","藤崎町","17-1-000","legal_applied","2020","7118","5721","583767","475122","3626","87629","87629","41868","45761","202951","8068","0","0","0","349","0","29316","161083","0","980","390","570","0","0","0","6107","33451","370","232267"
"023621:17-1-000:non_legal_applied:2020","023621","大鰐町","17-1-000","non_legal_applied","2020","4997","3047","400837","326280","3080","50436","139297","56349","82948","","","","","","","","","","","","","","","","","","","",""
"023671:17-1-000:legal_applied:2020","023671","田舎館村","17-1-000","legal_applied","2020","6717","5955","646888","526564","4051","94033","105695","58037","47658","184627","9482","0","0","0","11772","6522","35085","126490","1805","0","334","816","0","0","0","8974","36883","2803","219712"
"023817:17-1-000:legal_applied:2020","023817","板柳町","17-1-000","legal_applied","2020","7272","5577","590475","576067","2920","81788","51494","51494","0","216175","6609","0","0","0","12493","8230","49449","159449","1572","0","569","0","0","0","887","3701","37624","4225","265706"
"023841:17-1-000:legal_applied:2020","023841","鶴田町","17-1-000","legal_applied","2020","5844","3707","401421","401420","2860","56808","59852","35441","24411","243320","1922","0","25300","91","8190","6066","48585","207817","8450","5","530","7328","0","1270","45","9859","0","3800","293755"
"024015:17-1-000:non_legal_applied:2020","024015","野辺地町","17-1-000","non_legal_applied","2020","0","0","0","0","0","0","0","0","0","","","","","","","","","","","","","","","","","","","",""
"024023:17-1-000:non_legal_applied:2020","024023","七戸町","17-1-000","non_legal_applied","2020","3021","2014","211857","212658","3300","37852","64340","38605","25735","","","","","","","","","","","","","","","","","","","",""
"024058:17-1-000:non_legal_applied:2020","024058","六戸町","17-1-000","non_legal_applied","2020","6475","5774","895131","457589","2420","59186","114289","66110","48179","","","","","","","","","","","","","","","","","","","",""
"024082:17-1-000:non_legal_applied:2020","024082","東北町","17-1-000","non_legal_applied","2020","7501","5186","407877","406998","2640","58067","155026","92471","62555","","","","","","","","","","","","","","","","","","","",""
"024112:17-1-000:legal_applied:2020","024112","六ケ所村","17-1-000","legal_applied","2020","5856","5266","856834","722633","1397","51013","249793","165059","84734","514588","9247","0","80430","0","47054","24393","66652","359883","9839","375","2939","7800","0","2903","2020","77240","0","38782","592826"
"024121:17-1-000:non_legal_applied:2020","024121","おいらせ町","17-1-000","non_legal_applied","2020","14793","14240","1163428","975014","2640","149836","483743","197159","286584","","","","","","","","","","","","","","","","","","","",""
"024414:17-1-000:non_legal_applied:2020","024414","三戸町","17-1-000","non_legal_applied","2020","2557","1196","141455","134144","3300","24134","92010","41410","50600","","","","","","","","","","","","","","","","","","","",""
"024422:17-1-000:non_legal_applied:2020","024422","五戸町","17-1-000","non_legal_applied","2020","6207","4098","388091","342511","2640","51661","212545","59462","153083","","","","","","","","","","","","","","","","","","","",""
"024457:17-1-000:non_legal_applied:2020","024457","南部町","17-1-000","non_legal_applied","2020","2085","668","57426","60345","3170","10360","25380","24260","1120","","","","","","","","","","","","","","","","","","","",""
"024465:17-1-000:non_legal_applied:2020","024465","階上町","17-1-000","non_legal_applied","2020","3455","2008","188479","193378","3226","33728","84522","58057","26465","","","","","","","","","","","","","","","","","","","",""
"032018:17-1-000:legal_applied:2020","032018","盛岡市","17-1-000","legal_applied","2020","256890","250827","32920149","27844422","2455","4174220","4175099","2051757","2123342","6812163","261691","141883","129966","182598","218020","359500","619584","4074324","37023","2531","4654","134921","10130","0","0","372318","1669690","199363","7484038"
"032026:17-1-000:legal_applied:2020","032026","宮古市","17-1-000","legal_applied","2020","31201","28077","3520686","3221486","3080","529627","311725","265576","46149","1054698","28375","45975","131394","38934","36244","55300","120584","692292","33760","2303","1280","16581","0","10352","0","116193","0","135707","1184352"
"032034:17-1-000:legal_applied:2020","032034","大船渡市","17-1-000","legal_applied","2020","14516","10571","1505176","1315381","2750","220977","839912","266145","573767","789424","16267","0","119566","16524","35510","32422","138436","561206","0","33","31","233","0","0","0","150265","0","83441","966067"
"032051:17-1-000:legal_applied:2020","032051","花巻市","17-1-000","legal_applied","2020","58790","50929","5548020","5022570","2860","746538","641846","534861","106985","1864804","31522","7907","24364","60671","73050","63613","325871","1315720","18808","235","1329","6030","0","0","0","84784","351570","22715","2190675"
"032069:17-1-000:legal_applied:2020","032069","北上市","17-1-000","legal_applied","2020","64109","59367","8966280","6498839","3414","1233132","1243185","652793","590392","1697644","36063","0","0","60809","41652","47360","269249","955864","6558","0","453","2883","0","0","0","71442","595791","17293","1966893"
"032077:17-1-000:legal_applied:2020","032077","久慈市","17-1-000","legal_applied","2020","15206","9029","1182964","1103537","2750","166945","245349","209921","35428","729269","3337","6263","120033","0","90235","67568","95583","509401","18629","489","534","16501","29","4794","0","98544","0","13650","825722"
"032085:17-1-000:legal_applied:2020","032085","遠野市","17-1-000","legal_applied","2020","10443","9480","997979","860782","2612","123399","144482","144482","0","453259","3594","0","97010","5873","37605","32371","76793","308777","16950","354","423","1137","71","0","873","86144","0","6159","530052"
"032093:17-1-000:legal_applied:2020","032093","一関市","17-1-000","legal_applied","2020","38478","33850","3527752","3360463","3300","582434","607637","568655","38982","1529674","27703","0","40733","13911","51145","38134","187211","971775","16253","880","3062","876","28","2050","0","67965","413460","25947","1727641"
"032107:17-1-000:non_legal_applied:2020","032107","陸前高田市","17-1-000","non_legal_applied","2020","4801","3940","465575","400808","3410","84779","84858","74787","10071","","","","","","","","","","","","","","","","","","","",""
"032115:17-1-000:legal_applied:2020","032115","釜石市","17-1-000","legal_applied","2020","20751","18641","3854811","2275018","3300","400518","400768","295239","105529","1197540","55285","94680","193035","0","63602","63932","70173","790892","50976","5633","2409","18888","872","8149","0","228019","0","33041","1272984"
"032131:17-1-000:non_legal_applied:2020","032131","二戸市","17-1-000","non_legal_applied","2020","11774","8266","862572","868111","3300","173347","173348","125600","47748","","","","","","","","","","","","","","","","","","","",""
"032140:17-1-000:legal_applied:2020","032140","八幡平市","17-1-000","legal_applied","2020","7198","5650","466494","462405","2860","69059","133841","102758","31083","311522","12719","0","49945","0","34776","23221","53196","195938","6898","208","1713","3409","0","2518","0","39137","0","25654","351892"
"032158:17-1-000:legal_applied:2020","032158","奥州市","17-1-000","legal_applied","2020","52622","42274","5223121","4641941","3300","804990","821265","730833","90432","1759238","84745","0","41192","0","74786","60154","280631","1029693","12102","1175","1436","5241","23","0","645","105867","528822","15546","2041335"
"032166:17-1-000:legal_applied:2020","032166","滝沢市","17-1-000","legal_applied","2020","39111","37333","4469662","3446575","3002","520103","525858","300107","225751","901343","38021","0","0","55259","34611","29400","89396","574463","7930","0","268","6118","186","0","0","17166","190073","75744","990744"
"033014:17-1-000:legal_applied:2020","033014","雫石町","17-1-000","legal_applied","2020","9284","7724","952499","792031","3080","126550","127522","83115","44407","399055","13834","8369","0","0","20580","6163","49082","314631","6083","28","522","111","0","30","1120","17390","41290","12567","449017"
"033031:17-1-000:legal_applied:2020","033031","岩手町","17-1-000","legal_applied","2020","6015","4083","285822","282474","3214","44123","88364","71364","17000","214764","1121","11128","33191","0","24665","18762","33438","144628","0","0","9","0","0","0","0","48508","0","4085","249430"
"033219:17-1-000:legal_applied:2020","033219","紫波町","17-1-000","legal_applied","2020","20427","19340","2101119","1773592","3630","314552","314552","181675","132877","669954","9206","4178","131796","0","42503","27847","69440","478429","2308","251","437","782","45","0","0","147611","0","12881","740031"
"033227:17-1-000:legal_applied:2020","033227","矢巾町","17-1-000","legal_applied","2020","21897","21092","3577015","2671037","3162","443957","287999","215868","72131","638247","45332","0","0","0","44477","11021","64254","382981","1435","0","579","17249","0","0","0","32733","164593","29570","704415"
"033812:17-1-000:legal_applied:2020","033812","金ケ崎町","17-1-000","legal_applied","2020","8691","8187","893492","807703","5060","212711","212711","128792","83919","330520","8674","0","0","0","18866","6063","60395","204359","3964","129","817","1291","0","0","0","12659","98458","5411","393546"
"034029:17-1-000:legal_applied:2020","034029","平泉町","17-1-000","legal_applied","2020","3018","2352","310491","295660","3456","50752","52419","50341","2078","182420","5888","0","0","0","3725","0","29689","132084","587","0","331","1318","9","0","0","6895","40723","478","212114"
"034614:17-1-000:legal_applied:2020","034614","大槌町","17-1-000","legal_applied","2020","5714","4310","473798","388960","2640","53903","157920","107757","50163","701867","2963","34669","47814","3414","12417","10625","55229","564005","11435","277","627","2109","0","948","0","55972","0","60416","761643"
"034827:17-1-000:non_legal_applied:2020","034827","山田町","17-1-000","non_legal_applied","2020","6781","4153","421832","409132","2879","62877","97500","61395","36105","","","","","","","","","","","","","","","","","","","",""
"034835:17-1-000:non_legal_applied:2020","034835","岩泉町","17-1-000","non_legal_applied","2020","2572","1876","231502","264687","2750","43340","52878","51341","1537","","","","","","","","","","","","","","","","","","","",""
"035033:17-1-000:non_legal_applied:2020","035033","野田村","17-1-000","non_legal_applied","2020","2873","1999","197398","176485","3300","33527","74728","59167","15561","","","","","","","","","","","","","","","","","","","",""
"035246:17-1-000:non_legal_applied:2020","035246","一戸町","17-1-000","non_legal_applied","2020","4086","2775","303319","303319","4180","76473","146919","59289","87630","","","","","","","","","","","","","","","","","","","",""
"041009:17-1-000:legal_applied:2020","041009","仙台市","17-1-000","legal_applied","2020","1046847","1043650","130908210","110202064","1917","14774215","12750916","6069008","6681908","27543024","1271588","1075460","3055293","793003","323312","1287637","2575958","19260031","956435","53057","38096","255160","11362","84022","1029","2939528","1001720","1778707","30242742"
"042021:17-1-000:legal_applied:2020","042021","石巻市","17-1-000","legal_applied","2020","97338","82767","9188531","8012385","3575","1493783","1660076","1136825","523251","4472488","198941","295015","31969","82522","163426","161843","440406","2916870","36661","10933","4907","68321","405","540","0","158530","773757","632436","5205609"
"042030:17-1-000:legal_applied:2020","042030","塩竈市","17-1-000","legal_applied","2020","53004","51533","7745221","6122869","3905","1146945","3248987","522448","2726539","3581316","83764","153286","0","54501","71972","104936","343069","2938118","28978","1022","2296","952","3633","0","0","160348","279670","68470","3931492"
"042056:17-1-000:legal_applied:2020","042056","気仙沼市","17-1-000","legal_applied","2020","9951","8083","2268808","2068014","3058","328844","1068718","527559","541159","1374520","68934","44731","333307","11536","59310","96909","77266","856702","66577","3828","1446","15380","464","11957","0","306288","0","82727","1519544"
"042064:17-1-000:legal_applied:2020","042064","白石市","17-1-000","legal_applied","2020","22188","20231","2730819","2527040","4235","554218","424340","216897","207443","687265","11518","0","0","0","79696","18983","86944","475796","0","0","236","346","341","0","0","43939","120255","32797","779637"
"042072:17-1-000:legal_applied:2020","042072","名取市","17-1-000","legal_applied","2020","73824","72729","8279335","7743364","3300","1322842","1258017","620167","637850","2194331","101860","91226","0","78967","43277","60332","236817","1513963","8887","262","799","29269","0","0","0","201597","361777","22878","2436581"
"042081:17-1-000:legal_applied:2020","042081","角田市","17-1-000","legal_applied","2020","15943","13624","1491658","1515270","3130","253494","614075","129683","484392","701209","11551","5297","0","0","54529","35251","116394","561927","1881","93","1617","207","233","0","0","18994","65113","16233","817943"
"042099:17-1-000:legal_applied:2020","042099","多賀城市","17-1-000","legal_applied","2020","62086","61294","7315193","6188818","2035","758116","830688","413822","416866","2629882","76832","123104","0","126220","89081","108071","240484","1945866","17122","2552","2614","13253","675","0","0","214054","265749","60259","2870699"
"042111:17-1-000:legal_applied:2020","042111","岩沼市","17-1-000","legal_applied","2020","40898","39731","4643346","4272370","2948","692174","913380","333284","580096","1673735","95407","45923","0","29365","40324","43215","89824","1251928","12237","247","1135","7130","1392","0","0","122532","203748","35660","1769048"
"042129:17-1-000:legal_applied:2020","042129","登米市","17-1-000","legal_applied","2020","18445","14653","2336703","1576922","3141","254756","268465","213321","55144","932523","20806","8117","133510","23941","27310","34203","140865","718839","25808","532","1279","19943","304","0","3019","120308","0","8425","1073525"
"042137:17-1-000:legal_applied:2020","042137","栗原市","17-1-000","legal_applied","2020","11510","8178","1023966","950933","4070","202975","292948","182746","110202","514169","39686","0","0","0","26305","34624","73462","331746","0","692","112","967","0","0","561","15389","116432","13969","587954"
"042145:17-1-000:legal_applied:2020","042145","東松島市","17-1-000","legal_applied","2020","32219","25840","2794077","2715129","3575","495109","370666","297102","73564","1497180","11480","45708","272","30066","24324","18888","145621","1183549","14692","114","2487","733","136","0","0","46222","201413","53735","1667590"
"042153:17-1-000:legal_applied:2020","042153","大崎市","17-1-000","legal_applied","2020","49970","40479","5012560","4604733","3740","922149","1024492","532835","491657","2215500","71863","64573","285114","54104","47503","65150","308159","1602072","35053","8420","2494","45950","656","12157","0","282325","86005","85183","2533624"
"042161:17-1-000:legal_applied:2020","042161","富谷市","17-1-000","legal_applied","2020","50700","50618","5658355","4637164","2420","518366","488367","365178","123189","955074","31004","54053","0","0","35481","18085","30310","590271","18356","1859","603","14679","58","0","0","57332","243366","10840","985759"
"043214:17-1-000:legal_applied:2020","043214","大河原町","17-1-000","legal_applied","2020","22176","21317","1965109","2170796","3080","359255","388572","140943","247629","479340","4271","9457","0","0","44086","15293","62421","325128","990","0","91","7267","14","0","0","32198","86081","17932","547415"
"043222:17-1-000:legal_applied:2020","043222","村田町","17-1-000","legal_applied","2020","6693","5799","637390","644785","4614","150073","152955","51177","101778","233586","9080","1240","0","0","12884","6948","27689","182409","1240","0","406","3608","0","0","0","9200","27973","1802","261275"
"043231:17-1-000:legal_applied:2020","043231","柴田町","17-1-000","legal_applied","2020","29950","27889","3612823","2937223","3300","538837","771795","246539","525256","965383","43525","0","0","0","59954","4948","102418","703760","0","0","481","6584","0","0","0","65246","158144","27952","1069533"
"043249:17-1-000:non_legal_applied:2020","043249","川崎町","17-1-000","non_legal_applied","2020","5410","5081","1039816","871407","3454","173850","129897","129897","0","","","","","","","","","","","","","","","","","","","",""
"043419:17-1-000:non_legal_applied:2020","043419","丸森町","17-1-000","non_legal_applied","2020","4603","3936","368465","368465","3470","70814","75633","41790","33843","","","","","","","","","","","","","","","","","","","",""
"043613:17-1-000:legal_applied:2020","043613","亘理町","17-1-000","legal_applied","2020","26976","24540","2411602","2335760","3575","417352","379081","174689","204392","793834","46886","10503","0","12436","19128","11551","116433","589514","3500","0","0","7868","452","0","0","53996","105675","21278","910267"
"044016:17-1-000:non_legal_applied:2020","044016","松島町","17-1-000","non_legal_applied","2020","9616","9182","1544897","1110558","3140","183285","281331","166779","114552","","","","","","","","","","","","","","","","","","","",""
"044041:17-1-000:non_legal_applied:2020","044041","七ケ浜町","17-1-000","non_legal_applied","2020","18357","17965","1968014","1531493","2530","224737","210760","94935","115825","","","","","","","","","","","","","","","","","","","",""
"044067:17-1-000:legal_applied:2020","044067","利府町","17-1-000","legal_applied","2020","34429","33637","3636428","3196820","1595","388184","1005271","280347","724924","1099630","74598","6778","0","0","39566","17147","37146","847199","6518","275","923","0","0","0","0","42293","131489","95547","1178537"
"044211:17-1-000:non_legal_applied:2020","044211","大和町","17-1-000","non_legal_applied","2020","25033","23564","4235243","3463080","2255","453721","548352","302142","246210","","","","","","","","","","","","","","","","","","","",""
"044458:17-1-000:non_legal_applied:2020","044458","加美町","17-1-000","non_legal_applied","2020","10119","7789","1327402","1053555","3302","196421","225029","169967","55062","","","","","","","","","","","","","","","","","","","",""
"045012:17-1-000:legal_applied:2020","045012","涌谷町","17-1-000","legal_applied","2020","7009","4865","569227","514747","2910","84294","98088","79111","18977","286244","10233","1110","34063","5691","30876","25439","52619","204044","6524","555","917","8030","0","0","0","33771","0","10175","342074"
"045055:17-1-000:legal_applied:2020","045055","美里町","17-1-000","legal_applied","2020","10762","8381","785407","769772","3740","151393","156195","113294","42901","370401","17429","3816","0","7452","35824","9503","61366","250671","1193","0","924","447","0","0","0","21512","55209","32581","433406"
"045811:17-1-000:non_legal_applied:2020","045811","女川町","17-1-000","non_legal_applied","2020","5407","4824","570425","635590","3520","130786","153720","126819","26901","","","","","","","","","","","","","","","","","","","",""
"046060:17-1-000:non_legal_applied:2020","046060","南三陸町","17-1-000","non_legal_applied","2020","0","0","0","0","0","0","0","0","0","","","","","","","","","","","","","","","","","","","",""
"052019:17-1-000:legal_applied:2020","052019","秋田市","17-1-000","legal_applied","2020","282554","255520","32515715","27714675","3113","4809139","4720420","2466766","2253654","8735929","370150","483453","235301","318651","303828","375977","810423","5104195","128418","22474","10274","148344","14861","14433","0","565755","1463418","1013798","9672370"
"052027:17-1-000:legal_applied:2020","052027","能代市","17-1-000","legal_applied","2020","26137","20012","3492685","2453629","3401","416480","424256","203533","220723","1136806","40422","32354","178153","31277","30122","28904","144698","820018","35271","0","44","16684","0","0","0","195929","0","53450","1294998"
"052035:17-1-000:legal_applied:2020","052035","横手市","17-1-000","legal_applied","2020","43985","33163","4412228","3911474","3179","631155","634108","527949","106159","1376773","56673","0","12568","28599","88495","90999","203548","849166","13084","590","2830","7581","331","65","90","52796","335350","24513","1580943"
"052043:17-1-000:legal_applied:2020","052043","大館市","17-1-000","legal_applied","2020","35879","29723","3035822","2888885","3190","489487","489404","394530","94874","1060722","54850","0","0","25633","18313","55816","169727","653970","3695","0","962","4482","923","0","0","8273","306200","26851","1230899"
"052060:17-1-000:legal_applied:2020","052060","男鹿市","17-1-000","legal_applied","2020","14211","10833","1146795","1146795","3300","194922","204935","104907","100028","493676","46039","8548","0","29909","0","18778","105603","367100","4571","42","1771","3573","0","0","2126","28303","42080","26318","600265"
"052078:17-1-000:legal_applied:2020","052078","湯沢市","17-1-000","legal_applied","2020","13268","9091","1246303","1032171","3763","187186","187186","145383","41803","541883","3501","0","99435","21257","20148","15992","99488","397201","19296","732","118","2752","2","3442","538","96776","0","5735","642072"
"052094:17-1-000:legal_applied:2020","052094","鹿角市","17-1-000","legal_applied","2020","13538","8493","1123823","1020215","3410","180274","240711","240711","0","601269","24493","17740","22569","10475","20524","12164","90150","350831","6080","162","673","9672","0","0","1362","47633","153801","25129","697657"
"052108:17-1-000:legal_applied:2020","052108","由利本荘市","17-1-000","legal_applied","2020","23008","20964","1804259","1655981","3333","275902","293401","274447","18954","889737","52622","15746","140016","12376","54475","38883","147010","614502","24271","513","1088","20358","678","0","0","178337","0","15159","1040799"
"052116:17-1-000:legal_applied:2020","052116","潟上市","17-1-000","legal_applied","2020","18426","17544","2238127","1741410","3080","270864","270864","171446","99418","517219","30206","765","0","12178","19689","24829","48604","343440","4199","77","424","5925","0","0","0","23223","110941","5435","567097"
"052124:17-1-000:legal_applied:2020","052124","大仙市","17-1-000","legal_applied","2020","26174","18064","2372021","2074645","3220","338427","361964","361964","0","889577","32010","0","13721","16409","45793","44854","139659","527233","7262","152","402","4118","0","127","353","22327","253787","28962","1029236"
"052132:17-1-000:legal_applied:2020","052132","北秋田市","17-1-000","legal_applied","2020","14876","10699","1621683","1167626","2970","237075","240256","240256","0","739537","41561","0","140893","0","60769","47809","101173","496314","32786","318","1587","17698","0","9243","80","105205","0","28497","840710"
"052141:17-1-000:non_legal_applied:2020","052141","にかほ市","17-1-000","non_legal_applied","2020","16183","15069","1571985","1481760","2640","227028","228452","228452","0","","","","","","","","","","","","","","","","","","","",""
"052159:17-1-000:legal_applied:2020","052159","仙北市","17-1-000","legal_applied","2020","9499","6866","1195396","750727","2750","105694","153487","148831","4656","429228","23569","0","40189","0","23016","14395","57007","276514","6892","2348","625","684","0","725","617","53227","65911","10202","489147"
"053031:17-1-000:non_legal_applied:2020","053031","小坂町","17-1-000","non_legal_applied","2020","3437","2708","237375","224096","3850","46049","50527","50527","0","","","","","","","","","","","","","","","","","","","",""
"053619:17-1-000:non_legal_applied:2020","053619","五城目町","17-1-000","non_legal_applied","2020","5803","4722","535730","487120","2420","59668","92319","91826","493","","","","","","","","","","","","","","","","","","","",""
"053635:17-1-000:non_legal_applied:2020","053635","八郎潟町","17-1-000","non_legal_applied","2020","5491","5044","610603","475195","3300","80419","82319","78768","3551","","","","","","","","","","","","","","","","","","","",""
"054348:17-1-000:non_legal_applied:2020","054348","美郷町","17-1-000","non_legal_applied","2020","3863","2470","307667","264770","2921","44992","68307","68307","0","","","","","","","","","","","","","","","","","","","",""
"062014:17-1-000:legal_applied:2020","062014","山形市","17-1-000","legal_applied","2020","213474","202017","29015306","21115040","3355","3826309","3824406","1281641","2542765","5587228","253123","7566","446608","161832","127216","222168","1088696","4145033","53738","639","2126","90656","59989","3360","5273","523104","379212","113828","6687822"
"062022:17-1-000:legal_applied:2020","062022","米沢市","17-1-000","legal_applied","2020","51093","45099","9025680","7679706","3377","1092571","1156171","623978","532193","1797556","59152","44606","336038","14140","114487","128718","245894","1209849","60838","650","982","52588","5185","13119","0","236627","0","173460","2127910"
"062031:17-1-000:legal_applied:2020","062031","鶴岡市","17-1-000","legal_applied","2020","90691","84555","12004698","9892674","3883","2118002","2163106","943784","1219322","3592257","117054","25430","486800","130175","97106","157212","441340","2384738","106879","0","1417","8274","462","0","0","420917","47374","223401","3792014"
"062049:17-1-000:legal_applied:2020","062049","酒田市","17-1-000","legal_applied","2020","75340","67878","11391778","7222218","4125","1487303","1487304","719190","768114","3094327","76588","127186","412808","35357","167354","112688","437684","2105451","117228","7586","2475","119820","73","27920","0","383909","140997","82133","3537964"
"062057:17-1-000:legal_applied:2020","062057","新庄市","17-1-000","legal_applied","2020","19045","15516","2435410","1759140","3795","343858","350457","244437","106020","806169","41334","0","163231","15533","25881","46960","86759","559666","22242","581","510","20478","183","6302","0","50185","0","104108","897974"
"062065:17-1-000:legal_applied:2020","062065","寒河江市","17-1-000","legal_applied","2020","30130","27516","3310059","2869098","3685","518742","515552","273050","242502","1149042","13449","0","187018","85380","0","53131","122892","860312","28721","2394","739","25286","0","5808","831","149241","0","42837","1292192"
"062073:17-1-000:legal_applied:2020","062073","上山市","17-1-000","legal_applied","2020","22098","20418","3660934","2595182","3630","457686","458478","246153","212325","859714","15405","0","187953","0","59920","22511","78573","596399","2201","27","601","5004","0","0","0","221452","37","11482","938287"
"062081:17-1-000:legal_applied:2020","062081","村山市","17-1-000","legal_applied","2020","13620","12795","1586100","1228907","3300","202906","203348","142669","60679","488418","13762","5918","0","9565","14347","20844","61292","344132","1626","32","147","2671","0","0","0","15064","99048","5171","550027"
"062090:17-1-000:legal_applied:2020","062090","長井市","17-1-000","legal_applied","2020","13966","12765","2253108","1379261","4015","277314","277314","102124","175190","542883","6140","0","75008","0","23013","8907","61026","438722","12971","545","209","3231","0","2285","0","68612","0","7610","604118"
"062103:17-1-000:legal_applied:2020","062103","天童市","17-1-000","legal_applied","2020","48072","46497","7705687","5443609","3300","748478","878755","296765","581990","906550","82368","0","0","0","59177","23069","128062","551531","0","1444","534","6446","0","0","0","86292","183634","56448","1037460"
"062111:17-1-000:legal_applied:2020","062111","東根市","17-1-000","legal_applied","2020","43560","40729","4678598","3861351","3300","666624","667493","440486","227007","1246156","53492","0","0","33505","46956","35312","138314","787967","0","1954","796","6266","103","0","0","83718","320942","9122","1384494"
"062138:17-1-000:legal_applied:2020","062138","南陽市","17-1-000","legal_applied","2020","20603","17773","2498380","2185880","3740","350113","350113","250170","99943","822170","11035","8642","0","17308","45065","35699","120802","558705","1474","434","157","4353","65","0","587","29828","179232","11946","943282"
"063011:17-1-000:legal_applied:2020","063011","山辺町","17-1-000","legal_applied","2020","13279","11651","1249566","1017005","3410","169704","94328","85748","8580","273747","4179","0","0","0","40371","22022","49642","194519","0","1109","735","489","48","0","0","18280","34678","8387","329909"
"063029:17-1-000:non_legal_applied:2020","063029","中山町","17-1-000","non_legal_applied","2020","9602","8353","806642","710991","3350","128277","196585","105340","91245","","","","","","","","","","","","","","","","","","","",""
"063215:17-1-000:non_legal_applied:2020","063215","河北町","17-1-000","non_legal_applied","2020","15614","12867","1556319","1243372","3938","248239","273575","174933","98642","","","","","","","","","","","","","","","","","","","",""
"063223:17-1-000:non_legal_applied:2020","063223","西川町","17-1-000","non_legal_applied","2020","2688","2263","247976","247976","4260","49402","70595","70595","0","","","","","","","","","","","","","","","","","","","",""
"063240:17-1-000:non_legal_applied:2020","063240","大江町","17-1-000","non_legal_applied","2020","4031","3279","302768","282979","3685","56202","68398","66265","2133","","","","","","","","","","","","","","","","","","","",""
"063614:17-1-000:non_legal_applied:2020","063614","金山町","17-1-000","non_legal_applied","2020","2066","1788","207737","200882","3740","30361","32238","32238","0","","","","","","","","","","","","","","","","","","","",""
"063622:17-1-000:non_legal_applied:2020","063622","最上町","17-1-000","non_legal_applied","2020","2942","2439","290151","235564","2910","37896","45553","45553","0","","","","","","","","","","","","","","","","","","","",""
"063649:17-1-000:non_legal_applied:2020","063649","真室川町","17-1-000","non_legal_applied","2020","1821","1247","137902","129539","3080","20855","50753","49483","1270","","","","","","","","","","","","","","","","","","","",""
"063819:17-1-000:non_legal_applied:2020","063819","高畠町","17-1-000","non_legal_applied","2020","13053","12358","1635015","1312272","4290","281381","276816","185310","91506","","","","","","","","","","","","","","","","","","","",""
"063827:17-1-000:non_legal_applied:2020","063827","川西町","17-1-000","non_legal_applied","2020","5019","4207","711341","579033","3850","113726","113865","113865","0","","","","","","","","","","","","","","","","","","","",""
"064017:17-1-000:non_legal_applied:2020","064017","小国町","17-1-000","non_legal_applied","2020","4370","3569","600154","389028","3300","69822","78302","58770","19532","","","","","","","","","","","","","","","","","","","",""
"064025:17-1-000:non_legal_applied:2020","064025","白鷹町","17-1-000","non_legal_applied","2020","5599","5305","798186","581969","3520","110548","112360","79839","32521","","","","","","","","","","","","","","","","","","","",""
"064289:17-1-000:legal_applied:2020","064289","庄内町","17-1-000","legal_applied","2020","10470","9548","963536","962741","3146","140704","144411","113767","30644","385391","12020","0","0","0","19783","14781","61808","271698","2170","251","352","1244","0","0","334","9158","81890","3587","447273"
"064611:17-1-000:non_legal_applied:2020","064611","遊佐町","17-1-000","non_legal_applied","2020","5891","5026","565506","522407","3740","104140","76453","51271","25182","","","","","","","","","","","","","","","","","","","",""
"069663:17-1-000:legal_applied:2020","069663","尾花沢市大石田町環境衛生事業組合（事業会計分）","17-1-000","legal_applied","2020","8861","8176","749896","733787","3300","118653","227769","133369","94400","325675","88465","0","0","0","31096","28091","66907","206114","706","0","147","3389","89","0","0","11645","0","89302","406390"
"072010:17-1-000:legal_applied:2020","072010","福島市","17-1-000","legal_applied","2020","182161","168670","19939752","18143161","2860","3134178","3134178","1594697","1539481","5590606","130113","65832","301631","133658","130166","112292","838944","3838347","91354","1637","6721","57379","2717","12985","0","462463","937447","78357","6440643"
"072028:17-1-000:legal_applied:2020","072028","会津若松市","17-1-000","legal_applied","2020","81316","70423","10997949","8279452","2860","1505026","1505026","605493","899533","2594769","95578","0","373171","68462","106496","176627","260970","1923320","0","0","198","35192","4752","0","0","358281","0","96431","2855771"
"072036:17-1-000:legal_applied:2020","072036","郡山市","17-1-000","legal_applied","2020","234612","221842","27681238","22387689","3066","3867244","3867244","2626914","1240330","6970761","280719","149617","186914","165123","240959","308043","943074","3987079","40523","3232","6903","146373","984","681","0","320661","1827955","353518","7939026"
"072044:17-1-000:legal_applied:2020","072044","いわき市","17-1-000","legal_applied","2020","173733","164453","25371106","17831974","3500","3504052","3234372","1918069","1316303","6802730","314010","464393","1435227","137720","70471","217172","844183","4296550","65838","11175","4539","184518","2125","0","0","1912269","0","186940","7725309"
"072052:17-1-000:legal_applied:2020","072052","白河市","17-1-000","legal_applied","2020","29306","28416","3306585","2646690","2838","387345","507960","429079","78881","1154413","30697","0","295083","27845","56210","46437","148750","744297","35028","346","1272","16548","0","11014","0","222093","0","98078","1323863"
"072079:17-1-000:legal_applied:2020","072079","須賀川市","17-1-000","legal_applied","2020","39042","31417","3272564","3309635","3190","531917","531917","340355","191562","1018835","106056","0","5383","32908","45932","62928","140555","604778","978","13","300","24680","137","0","0","82590","212698","37822","1167479"
"072087:17-1-000:legal_applied:2020","072087","喜多方市","17-1-000","legal_applied","2020","13549","12001","1230237","1102093","3390","188183","223629","223629","0","639169","6364","13822","121977","0","71199","57261","91807","423820","0","0","143","19486","78","0","0","133732","0","14649","740976"
"072095:17-1-000:legal_applied:2020","072095","相馬市","17-1-000","legal_applied","2020","18352","15510","2520533","1870398","2860","258156","280560","240508","40052","1185858","20971","0","153170","0","65399","48860","84104","946318","20933","2025","395","10196","0","5900","0","139395","0","127054","1385180"
"072109:17-1-000:legal_applied:2020","072109","二本松市","17-1-000","legal_applied","2020","18307","13274","1452303","1458436","2200","214391","365642","365642","0","693432","20439","0","0","0","71829","32423","91635","337365","2881","0","1085","10942","630","0","0","14844","259302","43535","794642"
"072117:17-1-000:legal_applied:2020","072117","田村市","17-1-000","legal_applied","2020","11986","8544","728010","708789","4180","152646","156425","156425","0","481913","9285","0","0","4130","13715","9645","86257","325488","0","1073","0","1159","0","0","0","6580","129295","8673","568170"
"072125:17-1-000:legal_applied:2020","072125","南相馬市","17-1-000","legal_applied","2020","32317","29696","5093107","3082561","2722","469342","473925","281801","192124","1247295","28906","5738","264317","0","60604","53605","151388","883871","40643","945","1556","41774","339","13152","0","197424","0","22299","1406996"
"072133:17-1-000:legal_applied:2020","072133","伊達市","17-1-000","legal_applied","2020","22135","16208","1581805","1581805","3333","281849","260998","199387","61611","557167","35862","0","0","0","61558","33838","100307","355665","2322","0","466","7359","92","0","0","38581","101192","15537","655359"
"072141:17-1-000:legal_applied:2020","072141","本宮市","17-1-000","legal_applied","2020","14300","14014","1522729","1392930","3245","232999","268084","154251","113833","662951","3088","72244","0","8899","12853","10585","55720","403125","11957","41","663","7329","0","0","198","55206","102202","81420","728446"
"073016:17-1-000:non_legal_applied:2020","073016","桑折町","17-1-000","non_legal_applied","2020","5492","4582","404591","404591","3080","72195","85402","52993","32409","","","","","","","","","","","","","","","","","","","",""
"073032:17-1-000:non_legal_applied:2020","073032","国見町","17-1-000","non_legal_applied","2020","4333","4016","425707","425707","3025","81032","81032","53094","27938","","","","","","","","","","","","","","","","","","","",""
"073423:17-1-000:non_legal_applied:2020","073423","鏡石町","17-1-000","non_legal_applied","2020","9902","9041","1310647","950756","2926","157899","157899","131094","26805","","","","","","","","","","","","","","","","","","","",""
"073687:17-1-000:non_legal_applied:2020","073687","南会津町","17-1-000","non_legal_applied","2020","3635","3095","285911","268367","4180","60497","94387","30846","63541","","","","","","","","","","","","","","","","","","","",""
"074080:17-1-000:non_legal_applied:2020","074080","猪苗代町","17-1-000","non_legal_applied","2020","6775","5220","959211","764832","3058","124543","124543","99038","25505","","","","","","","","","","","","","","","","","","","",""
"074217:17-1-000:non_legal_applied:2020","074217","会津坂下町","17-1-000","non_legal_applied","2020","3898","2931","354673","345262","3549","73184","73184","61828","11356","","","","","","","","","","","","","","","","","","","",""
"074471:17-1-000:legal_applied:2020","074471","会津美里町","17-1-000","legal_applied","2020","8803","4226","547970","547970","4950","91405","108049","108049","0","403229","2302","0","71732","0","32369","19226","37763","296826","8464","114","950","20113","0","608","0","45588","0","12985","442637"
"074616:17-1-000:legal_applied:2020","074616","西郷村","17-1-000","legal_applied","2020","15120","14379","0","1446613","2750","211811","215968","135282","80686","450456","8784","0","0","16524","17741","23403","62712","313715","0","64","566","2857","0","0","0","11718","0","102252","517287"
"074667:17-1-000:non_legal_applied:2020","074667","矢吹町","17-1-000","non_legal_applied","2020","10470","9099","1167606","825730","2992","138434","138434","123894","14540","","","","","","","","","","","","","","","","","","","",""
"074811:17-1-000:non_legal_applied:2020","074811","棚倉町","17-1-000","non_legal_applied","2020","4373","2813","308967","289068","2882","47264","70319","70319","0","","","","","","","","","","","","","","","","","","","",""
"075213:17-1-000:legal_applied:2020","075213","三春町","17-1-000","legal_applied","2020","3203","2203","296204","290690","4895","70612","44220","41065","3155","160037","782","427","26875","0","12912","9131","18753","118972","7992","76","226","4600","0","1698","0","15717","0","1625","178790"
"075434:17-1-000:non_legal_applied:2020","075434","富岡町","17-1-000","non_legal_applied","2020","7600","0","526437","244042","2646","44162","66401","13630","52771","","","","","","","","","","","","","","","","","","","",""
"075469:17-1-000:non_legal_applied:2020","075469","双葉町","17-1-000","non_legal_applied","2020","0","0","0","0","2415","0","217791","206453","11338","","","","","","","","","","","","","","","","","","","",""
"075477:17-1-000:non_legal_applied:2020","075477","浪江町","17-1-000","non_legal_applied","2020","6838","0","384890","92567","3300","23243","65839","65839","0","","","","","","","","","","","","","","","","","","","",""
"078735:17-1-000:non_legal_applied:2020","078735","双葉地方広域市町村圏組合","17-1-000","non_legal_applied","2020","11039","11039","0","0","0","0","59963","59963","0","","","","","","","","","","","","","","","","","","","",""
"082015:17-1-000:legal_applied:2020","082015","水戸市","17-1-000","legal_applied","2020","214493","188080","30364643","20290930","2989","3233765","3232805","1476368","1756437","7072216","102415","79090","558547","166081","226737","199696","1259888","5420780","116842","6426","6053","3519","722","0","0","455438","491667","473451","8434482"
"082023:17-1-000:legal_applied:2020","082023","日立市","17-1-000","legal_applied","2020","129737","129184","20206733","15553258","2805","2506433","2395044","1110739","1284305","3287270","105535","70683","381551","124943","130023","99280","188036","2057231","62877","1677","2000","162136","674","28408","0","193105","315365","367155","3477944"
"082031:17-1-000:legal_applied:2020","082031","土浦市","17-1-000","legal_applied","2020","120308","114720","15339275","13104635","2750","1931555","1965695","1100643","865052","3688318","172055","98728","0","117046","38587","110652","283043","2447205","26884","487","2726","43891","0","0","0","213949","801248","71751","4001836"
"082040:17-1-000:legal_applied:2020","082040","古河市","17-1-000","legal_applied","2020","82869","73348","11868693","7726915","3190","1262632","1275281","823283","451998","2686274","101417","45815","605128","66997","47511","113328","230639","1716467","87956","0","666","64997","157","0","24314","563282","81604","48202","2931612"
"082058:17-1-000:legal_applied:2020","082058","石岡市","17-1-000","legal_applied","2020","33252","30914","3939749","3261031","2750","475178","521589","521589","0","1531583","68908","26232","80062","0","96416","35244","152396","1009994","30759","0","1989","19007","0","0","4503","134011","249971","46115","1683989"
"082074:17-1-000:legal_applied:2020","082074","結城市","17-1-000","legal_applied","2020","29008","26953","4542875","2847193","3410","495791","495791","332837","162954","1131886","33686","0","241165","0","76838","46579","99040","780197","43825","208","88","35219","690","0","0","214299","0","13238","1233383"
"082082:17-1-000:legal_applied:2020","082082","龍ケ崎市","17-1-000","legal_applied","2020","64447","59832","9798082","7553038","2849","1160844","1160844","546187","614657","2088466","26314","10384","0","46581","60338","37761","151748","1500050","1973","1317","693","6273","1065","0","0","29278","397405","119386","2246949"
"082104:17-1-000:legal_applied:2020","082104","下妻市","17-1-000","legal_applied","2020","13717","9203","953946","948561","3190","154912","253321","253321","0","611958","24247","0","0","11145","45750","33012","85312","363643","0","3314","496","2163","0","0","0","17233","167158","29945","702276"
"082112:17-1-000:legal_applied:2020","082112","常総市","17-1-000","legal_applied","2020","18052","12096","1468030","1241216","3300","206873","249144","249144","0","745457","23737","3094","82458","28554","47661","28826","115444","497518","19503","637","315","0","0","0","2349","118279","62435","16800","862106"
"082121:17-1-000:legal_applied:2020","082121","常陸太田市","17-1-000","legal_applied","2020","17869","16621","1881566","1749038","2640","233294","262356","170580","91776","599796","19498","0","0","2485","37133","32075","69974","428398","782","0","142","4859","0","0","0","13919","107176","39334","696659"
"082155:17-1-000:legal_applied:2020","082155","北茨城市","17-1-000","legal_applied","2020","4190","3135","427250","332002","3850","65566","113935","113935","0","422942","3756","1662","39865","24382","43165","27873","53946","310112","10801","87","277","8110","0","0","0","57490","0","10959","479655"
"082163:17-1-000:legal_applied:2020","082163","笠間市","17-1-000","legal_applied","2020","34890","31583","5918852","3820133","3080","594786","596900","430209","166691","1466013","36017","13949","254351","22486","71648","64731","212915","1007825","48480","2282","775","63055","64","0","3570","118053","0","159342","1681092"
"082198:17-1-000:legal_applied:2020","082198","牛久市","17-1-000","legal_applied","2020","74518","72965","8268411","7325560","2200","819292","750323","465727","284596","1339828","36084","61463","0","56770","56567","37922","119512","814682","15525","29","2219","9681","0","0","0","76383","314250","77320","1467523"
"082201:17-1-000:legal_applied:2020","082201","つくば市","17-1-000","legal_applied","2020","172213","168568","24799806","22752107","3135","3374534","3251661","1834603","1417058","7983015","95937","504486","0","169646","86177","76018","413897","6071093","128688","558","203","50411","0","0","3630","408741","1013096","234385","8400720"
"082210:17-1-000:legal_applied:2020","082210","ひたちなか市","17-1-000","legal_applied","2020","97551","89688","11159310","9266315","2630","1317264","1389947","669767","720180","2882219","98876","0","280500","87035","58524","89317","418714","2036518","432","0","51","5546","322","0","0","283410","308963","172035","3315308"
"082228:17-1-000:legal_applied:2020","082228","鹿嶋市","17-1-000","legal_applied","2020","33827","30602","4330461","3612781","2805","526782","541917","301828","240089","1230247","18102","5381","188399","0","119484","32624","129304","880416","33217","323","1376","31952","34","6477","0","185302","0","58672","1359697"
"082236:17-1-000:legal_applied:2020","082236","潮来市","17-1-000","legal_applied","2020","20271","18118","1979720","1853335","3520","328305","348800","348800","0","978779","4115","89706","0","0","53983","30190","89927","593985","8858","365","1328","6330","880","0","0","83328","236990","28036","1080217"
"082244:17-1-000:legal_applied:2020","082244","守谷市","17-1-000","legal_applied","2020","69000","68455","12196890","10298801","2184","1224145","960194","639560","320634","1795171","22294","62785","411107","0","149226","65494","56960","1124784","39","0","49","89448","2934","0","1140","466582","0","29270","1836700"
"082252:17-1-000:legal_applied:2020","082252","常陸大宮市","17-1-000","legal_applied","2020","11593","8505","1006836","941757","3080","150613","154542","135230","19312","348452","18393","0","0","11968","30925","27242","51218","228886","1420","0","373","1503","0","0","0","16001","58280","30411","415334"
"082261:17-1-000:legal_applied:2020","082261","那珂市","17-1-000","legal_applied","2020","29719","26905","3581034","3026933","3080","488355","488355","339105","149250","958702","35674","0","0","21533","55781","48616","143891","615323","0","6820","1149","2316","189","0","4545","31808","223258","27145","1105060"
"082279:17-1-000:legal_applied:2020","082279","筑西市","17-1-000","legal_applied","2020","31707","27412","4476633","2967893","3256","516411","516411","507214","9197","1369706","27104","9343","206780","0","83862","59481","155922","854876","31712","4475","1365","24078","1511","0","0","185461","178420","31402","1528703"
"082287:17-1-000:legal_applied:2020","082287","坂東市","17-1-000","legal_applied","2020","15565","13023","2333530","1819371","3100","294484","294484","238218","56266","730513","26000","15709","129276","0","56368","25400","61828","459034","26564","1067","652","24985","0","11479","0","131360","41489","14122","797980"
"082295:17-1-000:legal_applied:2020","082295","稲敷市","17-1-000","legal_applied","2020","4852","2470","281732","249990","3080","35944","69119","69119","0","301930","10291","0","17500","0","24360","9282","57274","237648","6919","222","913","883","0","1299","756","18640","10705","21010","365551"
"082309:17-1-000:legal_applied:2020","082309","かすみがうら市","17-1-000","legal_applied","2020","20552","20293","2698434","2128230","2530","284231","344928","268476","76452","489053","27629","4466","0","32468","47883","42454","53184","240060","6809","19","1467","10135","65","0","1555","44637","131985","33911","566281"
"082317:17-1-000:legal_applied:2020","082317","桜川市","17-1-000","legal_applied","2020","6483","3960","332414","332414","3888","73908","178277","178277","0","422884","7592","0","0","9013","53336","27372","82369","244740","0","1297","210","2045","0","0","0","3960","108203","35190","505386"
"082325:17-1-000:legal_applied:2020","082325","神栖市","17-1-000","legal_applied","2020","40853","38425","4526453","4260279","2970","668272","668272","595816","72456","1487681","66910","126197","0","43957","114761","82959","94915","862134","15881","127","1680","241","1214","0","0","202719","0","321616","1583486"
"082333:17-1-000:legal_applied:2020","082333","行方市","17-1-000","legal_applied","2020","3103","2258","295848","273054","3630","45397","72307","72307","0","213826","9902","0","0","0","23377","15322","33590","142587","656","0","259","5290","47","0","0","7385","37960","5388","248484"
"082341:17-1-000:legal_applied:2020","082341","鉾田市","17-1-000","legal_applied","2020","3744","1039","144680","141582","3740","23832","68225","68225","0","224901","1449","0","28529","0","38987","16316","36936","155936","3188","72","450","2771","80","2101","0","25403","0","19558","262811"
"082350:17-1-000:legal_applied:2020","082350","つくばみらい市","17-1-000","legal_applied","2020","26307","25413","2654132","2577096","2750","348111","386564","291887","94677","947846","35409","8472","156609","0","91054","49711","71710","650649","31763","1204","1102","24185","211","10152","5985","127141","0","53787","1027600"
"082368:17-1-000:legal_applied:2020","082368","小美玉市","17-1-000","legal_applied","2020","18196","16502","1637838","1499996","3080","230106","267016","267016","0","744001","45196","27808","0","14652","82897","65665","113855","476985","11693","291","2347","1390","0","0","0","62057","96463","27110","857856"
"083020:17-1-000:legal_applied:2020","083020","茨城町","17-1-000","legal_applied","2020","8160","6921","827096","827096","2750","134924","216558","216558","0","541957","1995","0","134564","25202","49410","44188","76940","330786","16831","63","664","38560","118","7612","0","86140","0","22382","624284"
"083097:17-1-000:non_legal_applied:2020","083097","大洗町","17-1-000","non_legal_applied","2020","9581","6518","1086830","979108","2750","161786","164086","135586","28500","","","","","","","","","","","","","","","","","","","",""
"083101:17-1-000:non_legal_applied:2020","083101","城里町","17-1-000","non_legal_applied","2020","7630","6030","609802","564087","2970","92575","92575","50183","42392","","","","","","","","","","","","","","","","","","","",""
"083411:17-1-000:legal_applied:2020","083411","東海村","17-1-000","legal_applied","2020","23811","23491","3010679","2379891","2640","327646","356984","178272","178712","701369","78786","0","0","0","0","20812","62265","472434","3013","0","563","10523","0","0","0","36213","150149","19062","775034"
"084425:17-1-000:legal_applied:2020","084425","美浦村","17-1-000","legal_applied","2020","7594","3431","1238879","1238879","3300","224540","224541","193236","31305","463054","16770","0","91498","29093","55875","22100","65432","269818","15427","0","0","25332","0","267","0","91629","0","38481","528486"
"084433:17-1-000:legal_applied:2020","084433","阿見町","17-1-000","legal_applied","2020","34090","33518","6591531","4721945","2750","734057","752746","476370","276376","1209720","49360","12108","0","42096","38837","29638","100708","660067","4785","21","621","3579","0","0","0","57840","391072","78745","1327076"
"085219:17-1-000:non_legal_applied:2020","085219","八千代町","17-1-000","non_legal_applied","2020","1949","1473","161908","149608","3190","26240","43266","43266","0","","","","","","","","","","","","","","","","","","","",""
"085421:17-1-000:non_legal_applied:2020","085421","五霞町","17-1-000","non_legal_applied","2020","2833","2809","371099","285112","2970","46571","46257","31263","14994","","","","","","","","","","","","","","","","","","","",""
"085464:17-1-000:non_legal_applied:2020","085464","境町","17-1-000","non_legal_applied","2020","12658","9788","1463240","1204311","3300","203965","326753","326753","0","","","","","","","","","","","","","","","","","","","",""
"085642:17-1-000:non_legal_applied:2020","085642","利根町","17-1-000","non_legal_applied","2020","13833","13455","1567688","1350607","2600","164673","195590","133082","62508","","","","","","","","","","","","","","","","","","","",""
"089192:17-1-000:legal_applied:2020","089192","取手地方広域下水道組合","17-1-000","legal_applied","2020","87146","82769","10399908","8600036","2530","1123827","1313568","1012741","300827","3402831","129945","63853","494726","134362","193473","262237","369065","2379241","0","12","3363","51344","3131","0","5895","564977","0","149171","3788436"
"089222:17-1-000:legal_applied:2020","089222","日立・高萩広域下水道組合","17-1-000","legal_applied","2020","66841","63375","8215730","6697905","3355","1168885","1168885","686495","482390","2015189","118696","28558","286310","66676","119644","179254","178927","1328725","38509","2293","4717","94531","280","23609","0","221323","0","123433","2195601"
"089354:17-1-000:legal_applied:2020","089354","ひたちなか・東海広域事務組合","17-1-000","legal_applied","2020","353","353","301994","301994","4620","70921","51423","51341","82","525064","6707","0","0","0","28361","16156","82","469056","0","1638","354","501","0","0","0","9591","16273","11495","525146"
"092011:17-1-000:legal_applied:2020","092011","宇都宮市","17-1-000","legal_applied","2020","436456","420296","66396459","45402342","2695","6739539","6900029","3739722","3160307","10234003","497030","336992","2218033","361126","348731","488867","782716","5973209","84675","1108","4557","656016","11895","0","0","2216934","405007","416514","11041498"
"092029:17-1-000:legal_applied:2020","092029","足利市","17-1-000","legal_applied","2020","113287","90942","23048164","10979026","3040","1613004","1619632","524094","1095538","3351050","153353","20034","485841","65322","233381","159636","517609","2366016","157468","443","3236","24877","288","512","9402","453884","0","194801","3888172"
"092037:17-1-000:legal_applied:2020","092037","栃木市","17-1-000","legal_applied","2020","97181","94215","11945683","8890273","2679","1212919","1333541","875360","458181","2680893","124299","0","4790","0","130735","122405","383958","1677433","0","9452","1723","13306","58","0","5562","67891","729601","53778","3065167"
"092045:17-1-000:legal_applied:2020","092045","佐野市","17-1-000","legal_applied","2020","80434","74949","15420933","9214383","2200","1112158","1400070","579824","820246","3344820","188750","33078","460187","42108","92991","123202","289062","2516511","112896","219","2567","147946","1953","0","6760","384191","0","66514","3651821"
"092053:17-1-000:legal_applied:2020","092053","鹿沼市","17-1-000","legal_applied","2020","62642","58995","10529877","6200745","2640","885036","930112","390506","539606","1553491","57219","27680","360618","55531","27167","116524","193987","1023941","93428","1294","1117","40860","2518","21953","3675","199823","0","48358","1747478"
"092061:17-1-000:legal_applied:2020","092061","日光市","17-1-000","legal_applied","2020","51158","48182","10483384","8022996","2475","974120","1233449","771368","462081","1875451","192659","17227","103140","0","72084","60396","178424","1065244","15799","11616","1665","53624","0","0","0","220150","424532","29438","2060888"
"092088:17-1-000:legal_applied:2020","092088","小山市","17-1-000","legal_applied","2020","105033","95907","12780983","11494570","2299","1352626","1724186","870555","853631","3185467","81416","32985","480259","0","127221","67714","382404","2227576","83312","1062","2214","39683","0","18441","6326","414903","179340","156505","3579480"
"092096:17-1-000:legal_applied:2020","092096","真岡市","17-1-000","legal_applied","2020","48008","46150","5805166","5008171","2750","696934","688837","401212","287625","1273487","63166","0","288223","29552","35943","70549","151132","856603","48027","466","591","44648","0","11308","1740","221606","0","27592","1434262"
"092100:17-1-000:legal_applied:2020","092100","大田原市","17-1-000","legal_applied","2020","31937","31596","4420442","3313573","2750","472919","497036","297257","199779","789702","19211","22912","0","0","55723","27926","79141","492404","0","2788","766","11417","0","0","0","40605","199452","19028","873527"
"092118:17-1-000:legal_applied:2020","092118","矢板市","17-1-000","legal_applied","2020","12296","10152","1693972","1327831","2700","196219","203834","203834","0","581828","7424","0","158519","0","37891","21153","47744","377994","0","0","344","2607","20","0","0","168980","0","16746","635588"
"092134:17-1-000:legal_applied:2020","092134","那須塩原市","17-1-000","legal_applied","2020","59507","55901","8789300","6571194","2750","841317","985679","617037","368642","1964314","15974","0","309039","0","93069","75012","181891","1329437","33419","567","168","3114","40","0","300","267340","187195","69884","2148367"
"092142:17-1-000:legal_applied:2020","092142","さくら市","17-1-000","legal_applied","2020","15963","14826","1726962","1534715","2530","202986","230207","198481","31726","533893","27231","0","118492","0","52758","28101","74643","335412","0","58","0","22951","0","0","817","134765","0","11789","608536"
"092151:17-1-000:non_legal_applied:2020","092151","那須烏山市","17-1-000","non_legal_applied","2020","3184","1246","177012","149159","2805","23937","77625","77625","0","","","","","","","","","","","","","","","","","","","",""
"092169:17-1-000:legal_applied:2020","092169","下野市","17-1-000","legal_applied","2020","41821","41646","5841883","4581944","2530","569330","473261","285184","188077","1052914","57278","0","0","22970","29898","25713","82946","706747","0","3695","505","345","0","0","3090","63692","236021","25360","1148114"
"093017:17-1-000:legal_applied:2020","093017","上三川町","17-1-000","legal_applied","2020","19725","17517","2608330","2045714","2200","225566","317434","176385","141049","540480","48900","0","0","15708","24296","21646","63402","338373","1129","0","280","17295","0","0","0","42179","113203","16135","613642"
"093424:17-1-000:non_legal_applied:2020","093424","益子町","17-1-000","non_legal_applied","2020","5100","3844","643944","447761","2860","73795","73795","67731","6064","","","","","","","","","","","","","","","","","","","",""
"093432:17-1-000:non_legal_applied:2020","093432","茂木町","17-1-000","non_legal_applied","2020","2516","1803","229690","218405","2970","38244","50384","50384","0","","","","","","","","","","","","","","","","","","","",""
"093441:17-1-000:non_legal_applied:2020","093441","市貝町","17-1-000","non_legal_applied","2020","2523","1919","278113","204172","3080","32916","39516","33887","5629","","","","","","","","","","","","","","","","","","","",""
"093459:17-1-000:non_legal_applied:2020","093459","芳賀町","17-1-000","non_legal_applied","2020","3541","2580","319740","250271","2828","39902","43462","43462","0","","","","","","","","","","","","","","","","","","","",""
"093611:17-1-000:legal_applied:2020","093611","壬生町","17-1-000","legal_applied","2020","28210","26809","4043784","3271539","2772","463001","494481","339069","155412","914306","25618","9660","196887","0","65591","53877","75432","554395","29047","194","933","21607","62","0","0","167430","60146","28244","991367"
"093645:17-1-000:legal_applied:2020","093645","野木町","17-1-000","legal_applied","2020","16687","15639","1950124","1453602","2530","161530","218040","147438","70602","380732","8543","4045","0","4288","6891","0","47970","224441","2104","0","328","2551","0","0","0","26978","123671","659","428702"
"093866:17-1-000:legal_applied:2020","093866","高根沢町","17-1-000","legal_applied","2020","17178","14599","1528754","1457182","2310","175268","218577","218557","20","531011","18732","0","137183","0","56160","13403","60701","299732","20723","28","115","47742","0","0","330","125286","0","30170","598230"
"094072:17-1-000:non_legal_applied:2020","094072","那須町","17-1-000","non_legal_applied","2020","2672","2030","605490","596620","2530","69920","153606","153606","0","","","","","","","","","","","","","","","","","","","",""
"094111:17-1-000:non_legal_applied:2020","094111","那珂川町","17-1-000","non_legal_applied","2020","1536","943","132098","111188","2820","17631","29258","29258","0","","","","","","","","","","","","","","","","","","","",""
"102016:17-1-000:legal_applied:2020","102016","前橋市","17-1-000","legal_applied","2020","238404","229998","31476103","27441415","2156","3027047","3633431","1482891","2150540","5900210","209705","122189","909833","0","266517","333810","637593","3153774","169686","17273","4008","36790","1934","45470","0","710359","862254","667309","6640260"
"102024:17-1-000:legal_applied:2020","102024","高崎市","17-1-000","legal_applied","2020","264392","250458","34764980","30740235","2173","3751439","2799907","1586119","1213788","5872859","171923","92834","705624","0","329806","343302","702454","3545926","102247","2700","3736","179025","1741","10305","0","523431","856627","355562","6627056"
"102032:17-1-000:legal_applied:2020","102032","桐生市","17-1-000","legal_applied","2020","83152","75565","14988418","9694629","2750","1322877","1133704","738209","395495","2354187","83357","58916","398243","61193","63219","93260","186802","1387501","97444","2005","1043","132705","9467","11053","0","212278","283592","123851","2541001"
"102041:17-1-000:legal_applied:2020","102041","伊勢崎市","17-1-000","legal_applied","2020","76120","66235","7928700","7080151","2101","729553","1062023","678511","383512","2031131","101813","4421","348663","0","151848","170498","277963","1246770","52629","438","2640","54688","664","13168","0","340189","0","140946","2300593"
"102059:17-1-000:legal_applied:2020","102059","太田市","17-1-000","legal_applied","2020","103601","78770","10285703","8228425","2222","830807","1234264","847401","386863","2515085","64607","1591","571569","0","141715","56711","348636","1599994","0","0","0","26111","0","0","0","685313","120693","35953","2873411"
"102067:17-1-000:legal_applied:2020","102067","沼田市","17-1-000","legal_applied","2020","21682","19851","2248211","1976325","2780","275288","335822","335822","0","643065","43752","7895","0","17475","25235","37469","88114","333952","1915","11","1116","4688","28","0","5590","28330","214756","41919","757888"
"102075:17-1-000:legal_applied:2020","102075","館林市","17-1-000","legal_applied","2020","36649","33031","6312624","3781754","2970","585715","585715","267739","317976","1187552","10917","21288","231751","0","69195","40893","100425","847172","37363","12","89","41867","255","0","0","206606","0","15678","1290360"
"102083:17-1-000:legal_applied:2020","102083","渋川市","17-1-000","legal_applied","2020","23317","19088","4995758","4995758","2013","332421","549893","260006","289887","758749","23343","26931","83678","13842","27406","40490","107220","452579","10813","1419","907","8478","0","0","0","84071","130092","29900","865969"
"102091:17-1-000:legal_applied:2020","102091","藤岡市","17-1-000","legal_applied","2020","20655","16131","1832644","1786886","2090","190237","268033","116439","151594","505526","21634","0","0","0","29149","19051","85329","371003","0","1542","123","10661","0","0","0","12157","83740","10421","594027"
"102105:17-1-000:legal_applied:2020","102105","富岡市","17-1-000","legal_applied","2020","11427","9025","1324819","1126096","2255","126843","168914","99896","69018","326154","7350","5076","0","0","33411","13445","41617","224823","2440","0","191","5787","925","0","0","7810","53459","17873","368370"
"102113:17-1-000:legal_applied:2020","102113","安中市","17-1-000","legal_applied","2020","21874","15289","1209581","1209581","2370","154168","181437","170765","10672","531040","38933","0","0","0","55969","60594","81198","373918","0","5856","3442","6469","0","0","0","12480","62220","19704","625881"
"102121:17-1-000:legal_applied:2020","102121","みどり市","17-1-000","legal_applied","2020","13968","10083","1155124","1152090","2310","142777","172813","147675","25138","479037","18191","3931","0","0","34828","23405","90148","321682","2770","101","60","11140","0","0","0","21568","95190","5461","571525"
"103446:17-1-000:non_legal_applied:2020","103446","榛東村","17-1-000","non_legal_applied","2020","3872","3338","343830","343830","2200","40355","51798","29916","21882","","","","","","","","","","","","","","","","","","","",""
"103454:17-1-000:legal_applied:2020","103454","吉岡町","17-1-000","legal_applied","2020","10549","9196","775210","775210","2310","87402","116282","103302","12980","226738","35792","0","0","0","30065","18824","26814","123436","0","648","445","6106","0","0","0","34179","37445","8790","256687"
"103845:17-1-000:non_legal_applied:2020","103845","甘楽町","17-1-000","non_legal_applied","2020","5170","4623","748739","549171","2475","74120","91397","44739","46658","","","","","","","","","","","","","","","","","","","",""
"104213:17-1-000:non_legal_applied:2020","104213","中之条町","17-1-000","non_legal_applied","2020","8155","7287","914397","849273","2200","107259","127390","70231","57159","","","","","","","","","","","","","","","","","","","",""
"104264:17-1-000:non_legal_applied:2020","104264","草津町","17-1-000","non_legal_applied","2020","4601","4564","1350574","1653988","1870","170824","139175","124791","14384","","","","","","","","","","","","","","","","","","","",""
"104299:17-1-000:non_legal_applied:2020","104299","東吾妻町","17-1-000","non_legal_applied","2020","2538","2084","258610","277195","2970","46614","46614","40137","6477","","","","","","","","","","","","","","","","","","","",""
"104493:17-1-000:non_legal_applied:2020","104493","みなかみ町","17-1-000","non_legal_applied","2020","6722","5884","1556637","1342359","2690","201344","238463","217896","20567","","","","","","","","","","","","","","","","","","","",""
"104647:17-1-000:legal_applied:2020","104647","玉村町","17-1-000","legal_applied","2020","12941","11941","1251159","1072243","2090","110638","160836","81719","79117","281323","10362","0","0","3967","19309","14988","55780","199768","893","0","86","1530","106","0","0","12637","47917","3562","337267"
"105210:17-1-000:non_legal_applied:2020","105210","板倉町","17-1-000","non_legal_applied","2020","2371","2371","370886","343262","3630","73618","75848","75848","0","","","","","","","","","","","","","","","","","","","",""
"105228:17-1-000:non_legal_applied:2020","105228","明和町","17-1-000","non_legal_applied","2020","6141","4520","452971","452971","3024","77790","77790","72426","5364","","","","","","","","","","","","","","","","","","","",""
"105236:17-1-000:non_legal_applied:2020","105236","千代田町","17-1-000","non_legal_applied","2020","3205","2091","224058","168437","3575","32725","44424","44424","0","","","","","","","","","","","","","","","","","","","",""
"105244:17-1-000:legal_applied:2020","105244","大泉町","17-1-000","legal_applied","2020","10924","8589","629361","908535","2376","161775","161775","146875","14900","449741","3626","0","0","5590","30842","22684","58457","306278","56","75","690","105","0","0","0","11372","102435","9458","511610"
"105252:17-1-000:non_legal_applied:2020","105252","邑楽町","17-1-000","non_legal_applied","2020","6106","4529","440451","397505","3740","80609","80609","74304","6305","","","","","","","","","","","","","","","","","","","",""
"111007:17-1-000:legal_applied:2020","111007","さいたま市","17-1-000","legal_applied","2020","1248591","1216827","148967846","120569458","2459","16806446","16052466","7003737","9048729","21110806","797529","632916","325042","972030","189966","563803","2501697","13092653","169444","8795","11853","330742","3745","8178","0","1862196","4786101","353879","23693086"
"112011:17-1-000:legal_applied:2020","112011","川越市","17-1-000","legal_applied","2020","313462","307750","48840495","33503047","1595","3213820","3655431","1966248","1689183","5585136","301474","410415","0","0","450559","382358","290037","2705690","37532","3902","6460","156866","18868","0","0","314837","1468058","576006","5960614"
"112020:17-1-000:legal_applied:2020","112020","熊谷市","17-1-000","legal_applied","2020","91388","85321","17382156","10755635","2042","1277021","1572406","950975","621431","3237240","108419","112388","79635","80589","49760","126519","246000","2057685","598","10806","868","61521","38","1366","0","216070","748726","41322","3511519"
"112038:17-1-000:legal_applied:2020","112038","川口市","17-1-000","legal_applied","2020","534316","503874","62003612","53183322","1998","5935139","6862998","3408602","3454396","8738155","572579","674479","0","306872","209569","545161","795347","4827807","122357","7163","6627","229021","16069","4437","4146","774471","2069408","169150","9571164"
"112062:17-1-000:legal_applied:2020","112062","行田市","17-1-000","legal_applied","2020","45141","40412","7626373","4781940","2035","521348","717291","348976","368315","1565675","26325","188905","0","0","0","40149","179958","1027655","17483","1009","2037","7420","1085","0","0","189595","263456","30759","1760606"
"112071:17-1-000:legal_applied:2020","112071","秩父市","17-1-000","legal_applied","2020","34806","33820","6048768","3550996","2151","350808","521781","256708","265073","838782","76973","16115","221768","27007","41506","86663","79984","446037","45277","1015","1235","15221","200","6540","3873","212859","0","29884","928788"
"112089:17-1-000:legal_applied:2020","112089","所沢市","17-1-000","legal_applied","2020","324987","320116","35851781","33614901","1639","3262668","3325341","1695718","1629623","5182841","577073","14670","0","192670","203234","360827","304590","3073477","809","8045","576","144971","32535","0","0","142375","1090779","395020","5554004"
"112097:17-1-000:legal_applied:2020","112097","飯能市","17-1-000","legal_applied","2020","55582","53048","7375190","6071862","2706","886872","833782","452751","381031","1493451","34949","55767","345299","37222","81721","85037","142439","925284","62153","1201","418","47786","1338","0","0","343603","0","94283","1703542"
"112101:17-1-000:legal_applied:2020","112101","加須市","17-1-000","legal_applied","2020","56085","48408","6040458","4832266","1952","506582","724841","406332","318509","1378737","11429","30351","277653","14944","47896","40931","168496","960174","40604","526","1063","38157","0","20492","445","234692","36290","8995","1550865"
"112119:17-1-000:legal_applied:2020","112119","本庄市","17-1-000","legal_applied","2020","46142","41178","4925309","4964313","2497","701164","744647","549951","194696","1439534","103584","0","0","19186","61251","43045","109134","883472","0","1464","825","26185","44","0","936","77224","371637","35544","1549510"
"112127:17-1-000:legal_applied:2020","112127","東松山市","17-1-000","legal_applied","2020","46177","45338","8493961","6490073","2035","870463","853004","626119","226885","1957326","58430","8743","548119","54158","113813","90663","93646","1173018","68015","447","1070","115058","0","17419","0","432982","0","73438","2065756"
"112143:17-1-000:legal_applied:2020","112143","春日部市","17-1-000","legal_applied","2020","209346","202870","22911899","19993537","2376","2503965","2896590","1203166","1693424","3553479","194390","34782","0","146798","12436","81781","496906","2297913","8119","348","194","23660","0","0","0","104330","833160","207072","4053483"
"112151:17-1-000:legal_applied:2020","112151","狭山市","17-1-000","legal_applied","2020","144869","143145","20091873","16298542","1727","1712350","1727480","670237","1057243","2712383","118360","0","0","19288","103449","82782","224003","1870596","0","3263","699","31809","2371","0","0","44600","584491","106585","2951199"
"112160:17-1-000:legal_applied:2020","112160","羽生市","17-1-000","legal_applied","2020","19811","17838","2700891","2151284","1925","213224","322693","201976","120717","833210","7578","4923","190835","0","20950","31623","81641","608900","20888","420","536","9039","0","0","0","147838","0","16607","917492"
"112178:17-1-000:legal_applied:2020","112178","鴻巣市","17-1-000","legal_applied","2020","92009","87171","11633294","9339762","2310","1059265","1335317","608570","726747","1927122","147592","53373","0","0","66975","47617","195808","1242994","5017","137","254","15251","3404","0","880","187981","416188","13880","2129411"
"112186:17-1-000:legal_applied:2020","112186","深谷市","17-1-000","legal_applied","2020","82673","75034","9630865","7795396","3520","1305001","1169308","596598","572710","1958319","41538","0","402782","19232","71891","54652","243407","1329911","56212","1239","1511","45978","0","0","0","316534","89596","68352","2207392"
"112194:17-1-000:legal_applied:2020","112194","上尾市","17-1-000","legal_applied","2020","192048","185694","20952281","18586871","2156","2208787","2533561","1158876","1374685","3237279","95724","206106","0","109425","72970","78482","239992","2013610","30803","1583","1486","36220","91","0","17729","294755","714820","53525","3483096"
"112216:17-1-000:legal_applied:2020","112216","草加市","17-1-000","legal_applied","2020","245559","231580","28035902","24673617","1947","2466541","3065694","1520084","1545610","4899694","162234","66241","0","177697","100162","91998","601614","3309133","23591","0","996","18265","19","0","0","353988","1019488","182503","5601595"
"112224:17-1-000:legal_applied:2020","112224","越谷市","17-1-000","legal_applied","2020","290655","280134","32745631","28272107","2365","3290178","3188877","1831867","1357010","5347531","165667","247615","0","239764","126456","143471","492649","3376149","43842","4557","5359","55316","3516","0","0","256865","1190750","332699","5905173"
"112232:17-1-000:legal_applied:2020","112232","蕨市","17-1-000","legal_applied","2020","73111","72635","9428311","7587427","1309","582692","676041","400707","275334","1581722","85708","154071","0","43635","37336","62879","93502","952409","25439","5243","188","50213","3301","0","0","166543","308563","8375","1676655"
"112241:17-1-000:legal_applied:2020","112241","戸田市","17-1-000","legal_applied","2020","131999","128616","18293360","15217737","1023","1135261","1106602","779349","327253","2154825","131663","169132","0","83002","62543","63695","130309","1103129","21381","0","113","22711","0","0","0","228513","598692","156046","2324589"
"112259:17-1-000:legal_applied:2020","112259","入間市","17-1-000","legal_applied","2020","130011","126957","15769550","13567377","1815","1364746","1473967","626185","847782","1991308","116126","0","0","58330","36507","65802","130107","1315036","1374","0","355","38316","6109","0","0","32719","458751","80723","2129292"
"112275:17-1-000:legal_applied:2020","112275","朝霞市","17-1-000","legal_applied","2020","140264","138989","17808316","14642285","1155","897145","837311","695410","141901","1654904","133672","22610","0","0","110363","73444","39029","862770","5610","23","346","30083","0","0","0","109053","518619","69890","1708867"
"112283:17-1-000:legal_applied:2020","112283","志木市","17-1-000","legal_applied","2020","76259","75357","10128811","7390028","2255","840381","801826","503122","298704","1601921","78922","213091","0","0","141743","67576","88534","872653","9759","563","191","33272","0","0","0","270136","294656","76413","1713753"
"112291:17-1-000:legal_applied:2020","112291","和光市","17-1-000","legal_applied","2020","81362","80555","8201589","8824538","1262","606335","602424","344869","257555","874812","96114","0","0","0","59659","39577","54635","473069","0","1327","712","21349","1720","0","2267","82183","245556","38533","960928"
"112305:17-1-000:legal_applied:2020","112305","新座市","17-1-000","legal_applied","2020","159342","156840","16591515","16145951","1639","1431011","1422310","638975","783335","3054320","85429","83124","0","88411","38225","60374","227217","2268305","0","0","292","27969","2951","0","0","112806","482806","126224","3308944"
"112313:17-1-000:legal_applied:2020","112313","桶川市","17-1-000","legal_applied","2020","61318","57648","7809063","5914864","1980","602271","887230","402303","484927","1446050","26300","71985","0","0","82798","55757","104046","985717","7650","173","633","2120","0","0","0","64983","279243","49878","1550200"
"112321:17-1-000:legal_applied:2020","112321","久喜市","17-1-000","legal_applied","2020","105458","98313","14941728","12016749","1870","1301418","1802512","1268111","534401","3326204","68194","120919","0","100673","151619","101439","242842","1784057","18310","9543","2065","33871","0","0","0","241550","1077312","96846","3607835"
"112330:17-1-000:legal_applied:2020","112330","北本市","17-1-000","legal_applied","2020","49083","48874","7369754","5200352","1980","509821","686582","337121","349461","881991","37328","4615","0","50512","31335","45184","61760","494700","1056","13","32","10494","702","0","0","22420","263501","49395","949257"
"112348:17-1-000:legal_applied:2020","112348","八潮市","17-1-000","legal_applied","2020","71857","66173","13212263","11006056","1980","1119751","1572106","661812","910294","2178163","30186","84116","0","51089","62973","55595","294557","1465099","4862","515","648","53568","0","0","0","60057","480446","70837","2486184"
"112356:17-1-000:legal_applied:2020","112356","富士見市","17-1-000","legal_applied","2020","106640","105913","12446573","10205533","1650","894958","838966","484855","354111","1197085","97958","0","0","35825","29256","29587","97758","670021","0","4739","662","882","2282","0","0","84105","364019","46610","1300665"
"112372:17-1-000:legal_applied:2020","112372","三郷市","17-1-000","legal_applied","2020","121504","107802","13478655","11350158","2214","1271838","1479755","709152","770603","2352039","99814","18722","0","76821","39844","66701","381175","1625298","2315","559","1199","16137","677","0","0","144156","490133","7076","2735426"
"112381:17-1-000:legal_applied:2020","112381","蓮田市","17-1-000","legal_applied","2020","43283","40045","5133740","4378304","1980","494760","675941","304551","371390","813716","20935","7785","0","42341","49770","26110","93684","506079","2638","69","303","13569","0","0","0","67354","186682","11920","908408"
"112402:17-1-000:legal_applied:2020","112402","幸手市","17-1-000","legal_applied","2020","23256","19092","2977644","2105123","1595","170397","315768","197732","118036","612421","9320","22888","0","12732","53454","31696","63628","405184","4553","726","442","8710","0","0","0","38940","108843","14632","677354"
"112429:17-1-000:legal_applied:2020","112429","日高市","17-1-000","legal_applied","2020","33074","32625","3843188","3288261","2761","632704","611921","358105","253816","857327","50352","14475","226784","39866","39039","73574","75954","480590","52808","591","1326","37975","80","9719","0","185198","0","16208","934023"
"112437:17-1-000:legal_applied:2020","112437","吉川市","17-1-000","legal_applied","2020","60921","58759","6498385","5862684","1870","626081","464000","323382","140618","1230900","16935","49426","0","45764","46642","29738","81940","833341","12119","101","1052","768","7","0","0","98761","236305","24440","1318572"
"112453:17-1-000:legal_applied:2020","112453","ふじみ野市","17-1-000","legal_applied","2020","107644","104773","15925169","13094000","1367","1027203","887486","599778","287708","1411270","120173","0","0","73729","36724","58409","45153","701507","0","1093","122","43321","1420","0","0","127450","468774","24890","1472139"
"112461:17-1-000:legal_applied:2020","112461","白岡市","17-1-000","legal_applied","2020","36523","35038","4017983","3472277","2070","365381","499556","261942","237614","839708","9322","29566","0","0","105645","44038","89416","547098","8194","78","560","2946","0","0","0","67369","146108","25474","931281"
"113018:17-1-000:legal_applied:2020","113018","伊奈町","17-1-000","legal_applied","2020","33290","31492","3721689","3416427","2398","448206","467001","219181","247820","745671","20041","18555","0","21475","25138","31190","73598","522855","3651","14","64","957","963","0","2259","20029","135334","28542","819456"
"113247:17-1-000:legal_applied:2020","113247","三芳町","17-1-000","legal_applied","2020","30517","30511","5003496","4348802","1540","392794","453773","230887","222886","471364","23480","9369","0","24404","20678","15936","13824","237100","1478","18","72","7784","711","0","0","47771","156321","5188","486203"
"113417:17-1-000:non_legal_applied:2020","113417","滑川町","17-1-000","non_legal_applied","2020","10889","10606","1306286","1168109","2530","191979","204710","150499","54211","","","","","","","","","","","","","","","","","","","",""
"113425:17-1-000:legal_applied:2020","113425","嵐山町","17-1-000","legal_applied","2020","12028","10804","1739543","1553521","2530","265421","266629","218752","47877","416864","26800","0","0","0","56003","19941","42893","196479","0","2477","31","5491","0","0","0","52703","137582","2887","460484"
"113433:17-1-000:legal_applied:2020","113433","小川町","17-1-000","legal_applied","2020","15624","12661","1617075","1451349","2410","198667","224268","224268","0","496322","10595","0","0","9727","74149","31740","58936","272589","0","2160","25","2945","0","0","0","51832","127896","9036","557159"
"113468:17-1-000:legal_applied:2020","113468","川島町","17-1-000","legal_applied","2020","9805","9595","1602429","1376379","1540","130213","156406","89453","66953","396700","27143","0","0","0","20009","15512","36722","302780","0","817","42","9115","89","0","0","17633","46768","4440","433918"
"113476:17-1-000:non_legal_applied:2020","113476","吉見町","17-1-000","non_legal_applied","2020","2475","2393","910908","880427","2145","165203","161720","53396","108324","","","","","","","","","","","","","","","","","","","",""
"113816:17-1-000:non_legal_applied:2020","113816","美里町","17-1-000","non_legal_applied","2020","801","237","18611","18611","2200","2432","7821","7821","0","","","","","","","","","","","","","","","","","","","",""
"113832:17-1-000:non_legal_applied:2020","113832","神川町","17-1-000","non_legal_applied","2020","415","111","54645","51913","2420","16374","27565","18712","8853","","","","","","","","","","","","","","","","","","","",""
"113859:17-1-000:legal_applied:2020","113859","上里町","17-1-000","legal_applied","2020","3773","1815","344158","344158","2167","55710","83766","68200","15566","181029","22530","0","0","0","19846","16832","36902","113051","0","450","112","1291","0","0","0","19815","25602","4098","218153"
"114081:17-1-000:legal_applied:2020","114081","寄居町","17-1-000","legal_applied","2020","8290","7328","1097236","1027414","2310","157453","154112","122594","31518","408458","10049","0","992","0","13910","5930","33216","284756","2316","0","287","1013","0","0","0","8465","98751","7146","441880"
"114421:17-1-000:legal_applied:2020","114421","宮代町","17-1-000","legal_applied","2020","24889","23670","3033540","2363087","1883","231021","355360","176869","178491","935082","20140","15976","0","14332","20775","12435","84302","748994","5443","68","453","6521","0","0","2096","39526","110311","9998","1020147"
"114642:17-1-000:legal_applied:2020","114642","杉戸町","17-1-000","legal_applied","2020","27835","25278","3112091","2753999","1870","278306","359690","229934","129756","683023","32209","4388","0","0","44213","32403","55776","487831","1543","0","179","2380","0","0","0","32570","114382","56119","783183"
"114651:17-1-000:legal_applied:2020","114651","松伏町","17-1-000","legal_applied","2020","19855","16738","1760029","1636998","2035","172809","245550","150669","94881","465974","2642","17940","0","0","67775","27949","48327","313616","3931","20","167","1364","0","0","0","37740","64001","18376","515491"
"118541:17-1-000:legal_applied:2020","118541","坂戸、鶴ケ島下水道組合","17-1-000","legal_applied","2020","124669","118620","17054440","12920954","2343","1808264","1911429","1238877","672552","3725679","119909","110755","923717","0","168564","251785","229292","2252969","121844","4703","4132","100500","309","0","0","908810","0","96585","3970929"
"118907:17-1-000:legal_applied:2020","118907","毛呂山・越生・鳩山公共下水道組合","17-1-000","legal_applied","2020","37143","33550","4608699","4058306","1925","436603","627015","487221","139794","1397990","12062","43569","297246","28187","108854","108018","90832","889964","55381","787","1748","46468","1472","497","0","230698","0","82151","1508016"
"121002:17-1-000:legal_applied:2020","121002","千葉市","17-1-000","legal_applied","2020","880651","879174","122631196","96742556","2035","12847202","12073556","6323485","5750071","23572485","741134","1334093","2156780","913168","217804","606876","3172276","15193385","0","1547","12434","718359","1980","128","0","3842232","2337117","975139","26861473"
"122025:17-1-000:legal_applied:2020","122025","銚子市","17-1-000","legal_applied","2020","27460","21874","3745964","2920453","3003","490140","498517","315966","182551","1184445","31013","4538","203197","0","81116","54373","147809","856999","27364","1187","553","8717","0","0","0","187124","0","48260","1332386"
"122033:17-1-000:legal_applied:2020","122033","市川市","17-1-000","legal_applied","2020","373500","346100","42825814","38031174","2563","5292110","5007978","3276143","1731835","7526194","258746","152947","264413","551555","57811","291409","502184","3924133","48063","2845","1858","163961","2692","24232","0","668036","1987440","429166","8046019"
"122041:17-1-000:legal_applied:2020","122041","船橋市","17-1-000","legal_applied","2020","580982","549292","67712487","54094657","2211","7283346","10437318","4404176","6033142","14349254","431340","127546","2424042","605871","151065","421692","1921790","9259576","423449","706","92679","226757","10731","53335","0","2337771","895505","669821","16313812"
"122050:17-1-000:legal_applied:2020","122050","館山市","17-1-000","legal_applied","2020","5500","4498","577401","531131","2617","85795","173155","173155","0","414002","0","0","124111","6304","46342","48714","79508","236865","9719","111","0","9517","629","0","0","96037","0","12413","493513"
"122068:17-1-000:legal_applied:2020","122068","木更津市","17-1-000","legal_applied","2020","75589","66173","8548059","7491683","2552","1047584","1078622","510587","568035","3470673","22869","67061","384468","87302","91266","94040","291093","2796744","71240","1960","717","47935","0","39462","0","364522","0","64101","3771814"
"122076:17-1-000:legal_applied:2020","122076","松戸市","17-1-000","legal_applied","2020","434736","418050","53299187","42752082","2468","6332437","6412812","3423676","2989136","9839092","271475","133903","219693","443291","118090","233708","894473","5841802","43357","402","1990","157419","0","3419","0","683323","2580626","434334","10874853"
"122084:17-1-000:legal_applied:2020","122084","野田市","17-1-000","legal_applied","2020","106708","99475","11717817","9419543","2310","1313586","1412930","892689","520241","3101911","116079","41337","9401","100239","60861","120178","256283","2176909","17271","423","1019","32711","0","0","350","115879","597073","41872","3359968"
"122106:17-1-000:legal_applied:2020","122106","茂原市","17-1-000","legal_applied","2020","30676","28437","5096832","3647070","3080","631032","426765","295621","131144","1140497","24827","47302","207026","31116","41212","83703","57181","789014","46663","4373","1297","42112","481","0","0","162050","0","14155","1201029"
"122114:17-1-000:legal_applied:2020","122114","成田市","17-1-000","legal_applied","2020","100893","98346","13026045","10419705","1980","1188778","1962038","983190","978848","3265272","47626","123451","655","0","179675","79147","83904","2252621","27093","198","1872","15399","0","0","0","193843","648895","56178","3359150"
"122122:17-1-000:legal_applied:2020","122122","佐倉市","17-1-000","legal_applied","2020","159236","157104","20698097","16666100","2472","2381071","1890081","1400641","489440","3208672","218674","104802","0","122735","74928","163025","52966","1649817","11335","203","1150","53529","1407","0","0","190449","1026976","122067","3272924"
"122131:17-1-000:legal_applied:2020","122131","東金市","17-1-000","legal_applied","2020","24044","22010","3398389","2607929","2714","387199","362876","296073","66803","1434925","27757","6873","200339","17632","49695","68902","79016","1105908","28503","2262","1282","15034","130","6789","184","178740","0","30503","1517253"
"122157:17-1-000:legal_applied:2020","122157","旭市","17-1-000","legal_applied","2020","6609","4588","707690","594145","2640","98563","238714","186088","52626","458332","2845","7565","136630","0","41414","53395","57422","269878","11136","138","1148","13330","0","2998","0","95962","0","13564","518971"
"122165:17-1-000:legal_applied:2020","122165","習志野市","17-1-000","legal_applied","2020","167380","163392","25481336","17944071","2192","2728339","2474099","1320062","1154037","5218366","221828","54747","872398","74022","88997","220199","414416","3420667","0","5102","1138","84296","0","0","0","899360","371800","243276","5660254"
"122173:17-1-000:legal_applied:2020","122173","柏市","17-1-000","legal_applied","2020","387366","352772","50250481","38807014","2357","5510021","5743397","3320010","2423387","8511916","391973","13592","0","353185","120335","227624","629903","4751381","14741","1013","1430","124174","0","0","0","530861","2835030","143183","9259340"
"122190:17-1-000:legal_applied:2020","122190","市原市","17-1-000","legal_applied","2020","177411","168864","20402822","17266835","2140","2109421","2241233","1182733","1058500","5296686","66025","228745","787857","129399","163074","193693","294811","3904684","231213","2028","3916","181513","122","34844","0","655678","0","112510","5615012"
"122203:17-1-000:legal_applied:2020","122203","流山市","17-1-000","legal_applied","2020","184663","171463","21705849","17251413","2200","2093139","2241987","1291560","950427","2924713","160798","0","0","82753","33315","92946","289084","1527807","0","3391","1490","12657","630","0","0","79774","1101644","115216","3224639"
"122211:17-1-000:legal_applied:2020","122211","八千代市","17-1-000","legal_applied","2020","187353","185828","21937595","17878463","2101","2211975","2126062","1438314","687748","3185093","212230","69341","0","147129","118891","145141","135498","1517467","7990","265","978","91680","2789","0","0","113347","1094194","230440","3339789"
"122220:17-1-000:legal_applied:2020","122220","我孫子市","17-1-000","legal_applied","2020","110861","109823","14417400","10841182","2178","1335208","1626683","898851","727832","2363082","57624","22278","0","92364","85904","76011","161419","1338429","4259","60","433","40050","0","0","0","128305","766431","21718","2537115"
"122246:17-1-000:legal_applied:2020","122246","鎌ケ谷市","17-1-000","legal_applied","2020","74821","69339","7983798","6254586","2698","982160","974988","649370","325618","1510582","35105","7281","0","0","180482","83871","104496","867342","908","0","414","23673","0","0","0","92455","420372","37242","1630773"
"122271:17-1-000:legal_applied:2020","122271","浦安市","17-1-000","legal_applied","2020","169678","165903","25161119","21149644","1848","2310317","2097567","1517461","580106","3233678","55922","76173","0","225848","50221","65636","139610","1552440","8467","269","215","28690","1337","0","0","223495","1272370","108046","3400575"
"122289:17-1-000:legal_applied:2020","122289","四街道市","17-1-000","legal_applied","2020","84575","80668","10154245","8004757","2145","906733","1008060","678761","329299","1890377","183746","0","0","0","88888","58474","77719","1110497","1052","747","569","42346","0","0","0","156198","503318","33787","1984707"
"122297:17-1-000:legal_applied:2020","122297","袖ケ浦市","17-1-000","legal_applied","2020","44043","42822","5333043","4790721","2344","635917","660681","340350","320331","1132165","21182","0","270906","0","70071","59164","94982","765761","40037","2930","44","5630","971","0","0","207551","0","50169","1227239"
"122301:17-1-000:legal_applied:2020","122301","八街市","17-1-000","legal_applied","2020","19043","17585","2006208","1632961","2750","227586","262151","190995","71156","632660","17785","0","0","10078","67174","63842","54058","436117","81","1205","187","4271","0","0","0","21536","99104","14701","695102"
"122319:17-1-000:legal_applied:2020","122319","印西市","17-1-000","legal_applied","2020","86579","86088","11319016","9608933","2178","1159534","1007789","861520","146269","2736272","55003","94231","0","0","178173","69990","33525","1832589","12460","279","1018","17780","7","0","0","197864","572213","39776","2777501"
"122327:17-1-000:legal_applied:2020","122327","白井市","17-1-000","legal_applied","2020","45148","44791","6207294","4986278","2200","667258","571779","473646","98133","1227758","14661","44258","0","57735","54142","35268","20962","744164","5584","179","601","18084","112","0","0","99009","312798","13752","1250513"
"122335:17-1-000:legal_applied:2020","122335","富里市","17-1-000","legal_applied","2020","32682","31492","3272482","2607660","2310","345038","384760","291960","92800","802585","5053","60211","164","0","61716","30332","39694","505397","8861","33","389","29926","0","0","0","56123","162655","9784","843194"
"122360:17-1-000:legal_applied:2020","122360","香取市","17-1-000","legal_applied","2020","22537","18600","4000035","2250763","2530","338217","337432","259292","78140","1493848","9879","33663","238114","36615","24516","88983","63204","1130652","47790","331","2832","13898","738","6584","0","65202","0","139987","1560201"
"122394:17-1-000:legal_applied:2020","122394","大網白里市","17-1-000","legal_applied","2020","24872","24165","2775869","2315246","3190","378419","313376","290272","23104","1344657","10261","14532","201750","15398","54237","67654","78291","1048429","30122","2460","1957","7828","1050","0","0","175255","0","10780","1423826"
"123226:17-1-000:legal_applied:2020","123226","酒々井町","17-1-000","legal_applied","2020","18334","17863","2249386","1803622","2266","229791","319486","125608","193878","311366","7899","5274","0","9179","5654","4610","11471","182407","2297","0","356","5441","0","0","0","14258","100953","1044","322837"
"123293:17-1-000:legal_applied:2020","123293","栄町","17-1-000","legal_applied","2020","16878","16617","2756691","2239427","2550","297398","537647","156121","381526","555774","2077","7975","121266","17822","7956","17150","29077","397702","19037","224","607","6618","0","3860","0","105133","0","5703","585111"
"124095:17-1-000:non_legal_applied:2020","124095","芝山町","17-1-000","non_legal_applied","2020","1618","1509","228937","228937","3850","24736","52706","52706","0","","","","","","","","","","","","","","","","","","","",""
"124231:17-1-000:non_legal_applied:2020","124231","長生村","17-1-000","non_legal_applied","2020","4593","3691","515501","324068","2420","52281","261667","78887","182780","","","","","","","","","","","","","","","","","","","",""
"128775:17-1-000:legal_applied:2020","128775","君津富津広域下水道組合","17-1-000","legal_applied","2020","57719","50470","8113990","5776592","2750","855485","840276","437204","403072","2608788","68168","22105","494710","100772","85439","137701","128607","1833767","79788","1246","773","55756","3073","392","0","466163","0","30782","2738048"
"130001:17-1-000:legal_applied:2020","130001","東京都","17-1-000","legal_applied","2020","9559878","9558117","1257683710","1199655849","2068","144613217","141935983","82991618","58944365","297419628","32479869","12443954","44124778","14068886","7712755","13583918","14900076","175367063","12514521","400174","174005","31690999","99415","1008385","19019","47174286","0","18819278","315751139"
"132012:17-1-000:legal_applied:2020","132012","八王子市","17-1-000","legal_applied","2020","557714","549646","70932992","59290112","2068","7478942","7746895","3615058","4131837","11357861","445390","34256","430003","695056","68270","200858","865455","7376645","109965","1498","1093","196411","600","5421","20498","1108044","2246155","130452","12263095"
"132021:17-1-000:legal_applied:2020","132021","立川市","17-1-000","legal_applied","2020","184661","184358","24925329","21472804","1408","2409497","1973343","1476115","497228","3993646","394711","40978","823603","0","337726","229289","201497","1981897","141020","1460","793","352282","3868","49319","0","792820","411634","80036","4245915"
"132039:17-1-000:legal_applied:2020","132039","武蔵野市","17-1-000","legal_applied","2020","147975","147969","16888353","16952060","1199","1268120","1253978","1081205","172773","2654438","210629","52713","0","0","273653","121377","115241","1072153","2008","19","2061","93401","2349","0","0","262509","1043709","75533","2790360"
"132047:17-1-000:legal_applied:2020","132047","三鷹市","17-1-000","legal_applied","2020","190774","190770","22680418","20411673","1258","1704053","1755096","1443058","312038","2969260","135766","84290","492722","0","962721","156869","175021","982302","75161","2678","602","202972","9382","23351","0","1183121","311404","46284","3169147"
"132055:17-1-000:legal_applied:2020","132055","青梅市","17-1-000","legal_applied","2020","129095","127888","16924433","14018421","2126","1883045","2435635","1276921","1158714","3385866","249237","297311","0","116999","120477","132215","268648","1973427","33994","156","5607","134974","17599","0","0","431620","596245","68670","3663155"
"132063:17-1-000:legal_applied:2020","132063","府中市","17-1-000","legal_applied","2020","260508","260457","28614982","28607315","908","1839074","1806266","1493995","312271","4591539","367030","8549","0","0","360028","72226","61430","2530092","1464","460","162","122054","0","0","0","240395","1325840","356504","4710627"
"132071:17-1-000:legal_applied:2020","132071","昭島市","17-1-000","legal_applied","2020","113463","112811","16179155","13393173","1347","1514674","1252520","808790","443730","1993369","122028","29751","0","72823","51569","70202","50740","1147259","3556","95","96","59322","6260","0","0","120341","569182","20796","2047849"
"132080:17-1-000:legal_applied:2020","132080","調布市","17-1-000","legal_applied","2020","238087","238038","31334864","25067891","1276","1859771","2196733","1480402","716331","4204045","339111","47839","0","0","479762","110597","108057","1958891","2505","201","356","144094","2637","0","7336","572745","1362872","107706","4377997"
"132098:17-1-000:legal_applied:2020","132098","町田市","17-1-000","legal_applied","2020","425056","422022","45858279","42495307","2068","5068856","5082571","2777918","2304653","10838865","565651","21421","1715375","395068","197496","644458","784761","7739728","356491","8248","2261","379708","16131","87250","0","1361863","54395","211973","11647267"
"132101:17-1-000:legal_applied:2020","132101","小金井市","17-1-000","legal_applied","2020","124078","124060","12503320","12454602","1309","989469","544066","420560","123506","1810069","146017","0","0","133291","82990","44026","25442","781082","82","62","1499","59894","12643","0","0","229923","666689","42541","1863883"
"132110:17-1-000:legal_applied:2020","132110","小平市","17-1-000","legal_applied","2020","195207","194986","20934484","20182435","1655","1991990","1573049","1167821","405228","3581644","199504","0","0","0","321476","87419","103442","2098151","0","2788","248","116349","9537","0","0","293957","948558","53393","3713842"
"132128:17-1-000:legal_applied:2020","132128","日野市","17-1-000","legal_applied","2020","179641","176501","20724397","17978988","2068","2035166","1828303","1099009","729294","3170264","177861","0","0","0","225676","58016","348954","2037643","0","1068","84","76224","3686","0","27598","232693","729084","4168","3519218"
"132136:17-1-000:legal_applied:2020","132136","東村山市","17-1-000","legal_applied","2020","151259","150050","17695602","15515488","1936","1879239","1740929","963584","777345","2352948","98877","10650","0","203196","41503","53010","207910","1369273","1548","11","304","5188","259","0","0","290105","629449","4629","2561686"
"132144:17-1-000:legal_applied:2020","132144","国分寺市","17-1-000","legal_applied","2020","127268","126453","13046914","13046914","1699","1314928","1192828","734555","458273","2637902","155488","0","0","171824","76036","73257","108799","1594833","0","0","55","205","6422","0","0","222913","631622","137471","2775577"
"132152:17-1-000:legal_applied:2020","132152","国立市","17-1-000","legal_applied","2020","76423","76337","8028882","8028882","1804","870316","805393","529874","275519","1710380","182226","19389","0","0","157759","70501","120289","984229","2885","84","72","708","763","0","85301","178136","366777","37123","1846868"
"132187:17-1-000:legal_applied:2020","132187","福生市","17-1-000","legal_applied","2020","56786","56696","8899470","7660401","1056","969610","749883","531086","218797","1244077","138723","0","0","0","106208","21679","57671","686674","0","62","95","40232","0","0","0","177043","312472","9993","1305921"
"132195:17-1-000:legal_applied:2020","132195","狛江市","17-1-000","legal_applied","2020","83218","83218","10132250","8227425","1537","753879","692434","677957","14477","1111231","268254","17755","0","0","153268","58989","48926","240494","841","388","67","3029","7559","0","0","358672","431460","28276","1178701"
"132209:17-1-000:legal_applied:2020","132209","東大和市","17-1-000","legal_applied","2020","85285","84586","10146500","8848984","2017","1210562","1180329","553561","626768","1351069","69549","0","0","91085","60617","44895","139690","772457","0","244","175","1154","3021","0","0","138280","356954","36604","1493474"
"132217:17-1-000:legal_applied:2020","132217","清瀬市","17-1-000","legal_applied","2020","74967","74625","8654827","7639764","1918","826490","814904","521841","293063","980417","91759","0","0","0","140180","43055","39227","444001","0","153","128","28601","606","0","0","151995","304477","7435","1019678"
"132225:17-1-000:legal_applied:2020","132225","東久留米市","17-1-000","legal_applied","2020","117020","116676","13434226","11756620","2134","1512408","1631148","793783","837365","1917793","130844","24152","0","124490","75741","54379","138697","1084382","6842","656","122","56557","2268","0","0","226250","478184","23168","2071505"
"132233:17-1-000:legal_applied:2020","132233","武蔵村山市","17-1-000","legal_applied","2020","71992","71741","9647729","8258230","1412","945204","849615","493008","356607","1163553","44034","0","0","71879","46275","28842","22532","661958","0","17","0","20957","1086","0","0","100138","339407","11306","1186243"
"132241:17-1-000:legal_applied:2020","132241","多摩市","17-1-000","legal_applied","2020","148398","148087","16862920","15864720","2068","1789209","1412107","1109228","302879","2674946","320424","12419","0","171733","118869","97226","15076","1432967","1992","45","68","183472","9168","0","0","309248","596494","56495","2702251"
"132250:17-1-000:legal_applied:2020","132250","稲城市","17-1-000","legal_applied","2020","91900","89768","9491356","8955917","2068","1060117","1022493","560179","462314","1677682","40855","0","0","0","189284","62323","108490","1096190","0","1275","321","23004","23","0","0","23945","334458","138508","1788537"
"132276:17-1-000:legal_applied:2020","132276","羽村市","17-1-000","legal_applied","2020","54445","54423","7674748","6331583","1179","539689","638376","378113","260263","968236","40610","0","0","0","79115","27086","78544","578890","73","521","16","6866","5182","0","0","68019","269621","11970","1046788"
"132284:17-1-000:legal_applied:2020","132284","あきる野市","17-1-000","legal_applied","2020","75127","73687","9190719","7414740","2013","826315","898508","554768","343740","1742540","76753","0","0","76424","72254","60383","272317","1170295","6224","0","1392","4607","0","0","0","153100","303780","42797","2014895"
"132292:17-1-000:legal_applied:2020","132292","西東京市","17-1-000","legal_applied","2020","206066","200914","25178573","20607788","1612","2061746","1859297","1260524","598773","2843289","132876","0","0","0","307395","57963","105069","1513078","0","2887","203","44691","270","0","0","329663","885782","13243","2952849"
"133035:17-1-000:legal_applied:2020","133035","瑞穂町","17-1-000","legal_applied","2020","31878","30979","4468968","3647130","1600","406202","338918","286528","52390","1084105","145336","26039","0","33205","89489","28528","38285","630295","7274","3406","135","92299","77","5273","0","151836","157218","26039","1140665"
"133051:17-1-000:non_legal_applied:2020","133051","日の出町","17-1-000","non_legal_applied","2020","16556","16142","3046266","2456822","2013","448921","334446","266997","67449","","","","","","","","","","","","","","","","","","","",""
"141003:17-1-000:legal_applied:2020","141003","横浜市","17-1-000","legal_applied","2020","3760515","3751282","533087000","385665424","2035","53670727","42394201","21614779","20779422","104549604","6564315","1816882","15479487","306045","424298","5804743","6402932","75005572","3932404","183417","19487","5063508","80226","230744","0","13028590","0","2176682","111928305"
"141305:17-1-000:legal_applied:2020","141305","川崎市","17-1-000","legal_applied","2020","1532738","1517893","183930722","155690117","2156","22160443","18404554","7945182","10459372","34870618","1440518","1228569","5052101","1746493","1151073","2869932","2961165","23278625","1263711","103819","25634","1742300","3945","336039","2134","2451402","0","2859637","37898343"
"141500:17-1-000:legal_applied:2020","141500","相模原市","17-1-000","legal_applied","2020","697205","690923","79973721","74785003","2036","8645062","7953776","3510298","4443478","12569397","506763","223242","0","443937","366292","375224","1371973","8354614","32570","32479","8011","132532","0","0","0","449845","2633695","602580","13993523"
"142018:17-1-000:legal_applied:2020","142018","横須賀市","17-1-000","legal_applied","2020","386298","371781","52990182","42029294","2443","6815544","5918353","3503622","2414731","12701988","564428","580874","2446809","315604","385575","765606","812474","8238622","505307","17098","2115","725956","18727","114641","297","1906931","0","482675","13590449"
"142034:17-1-000:legal_applied:2020","142034","平塚市","17-1-000","legal_applied","2020","250257","245043","32640104","28252858","2035","3231260","2704785","1674960","1029825","6238978","201794","445917","0","146115","86834","158323","697415","4260396","25934","133","2037","138442","1806","0","0","541478","1091634","45817","6963415"
"142042:17-1-000:legal_applied:2020","142042","鎌倉市","17-1-000","legal_applied","2020","173078","161849","21412480","18382284","2302","2366977","2835052","1254447","1580605","5570815","278630","91430","1092374","98580","88907","229556","563362","3919820","250263","1391","2572","251374","5760","44959","0","793673","0","80916","6143646"
"142051:17-1-000:legal_applied:2020","142051","藤沢市","17-1-000","legal_applied","2020","422380","415920","55838675","45030456","2203","5729861","5704216","3500755","2203461","10313222","719939","948345","2673139","0","532681","522768","845033","5373143","552390","2441","3539","1258690","22424","133482","0","2232022","40326","255355","11241613"
"142069:17-1-000:legal_applied:2020","142069","小田原市","17-1-000","legal_applied","2020","157100","147400","28357300","19946425","2636","3319191","3475260","1820192","1655068","5289044","225223","26519","0","132628","106236","168735","677650","3255018","4624","936","2460","36863","2550","0","0","266499","1482212","109879","6007426"
"142077:17-1-000:legal_applied:2020","142077","茅ヶ崎市","17-1-000","legal_applied","2020","233848","230956","28427108","24352223","1878","2712875","2162038","1256895","905143","4310744","299065","187055","0","0","344543","146103","505539","2623116","16238","1219","3353","85230","3512","0","0","409657","854385","204710","4853062"
"142085:17-1-000:legal_applied:2020","142085","逗子市","17-1-000","legal_applied","2020","59577","58862","8207390","6470576","1793","703940","970586","504977","465609","2030241","33195","77927","474180","33952","34455","45287","42865","1330666","70582","1559","64","1174","1977","0","0","448036","0","142673","2084883"
"142107:17-1-000:legal_applied:2020","142107","三浦市","17-1-000","legal_applied","2020","14873","13394","1569496","1386917","2921","238454","271793","271354","439","848363","23833","6648","134765","0","104469","74242","95812","575119","25725","473","649","2805","27","0","0","154085","0","16876","945813"
"142115:17-1-000:legal_applied:2020","142115","秦野市","17-1-000","legal_applied","2020","140680","129037","14970525","14851851","2469","2100041","2228354","1257998","970356","3970983","146636","53791","650972","122464","187034","205278","511077","2516357","126046","105","4618","58773","1317","72861","0","621661","20069","300862","4439024"
"142123:17-1-000:legal_applied:2020","142123","厚木市","17-1-000","legal_applied","2020","199945","198752","30149559","25952417","1974","2862077","2554544","1355943","1198601","5323653","196523","70187","0","144236","85322","128333","349173","3788215","5240","1866","308","57665","5348","0","0","259300","996401","93279","5685128"
"142131:17-1-000:legal_applied:2020","142131","大和市","17-1-000","legal_applied","2020","230792","230113","25432273","24618858","2292","3111499","3578344","2030910","1547434","5703939","103779","0","1704933","145254","134961","199691","455189","3488940","259364","32157","356","520025","3289","63666","15880","978404","0","175861","6192822"
"142140:17-1-000:legal_applied:2020","142140","伊勢原市","17-1-000","legal_applied","2020","79848","77694","11711169","8705334","2355","1212343","1329469","812854","516615","2977519","173753","74146","582134","48034","122887","99917","245924","1808226","99932","968","1809","59192","2117","40393","0","577421","142208","159188","3237295"
"142158:17-1-000:legal_applied:2020","142158","海老名市","17-1-000","legal_applied","2020","131410","129189","18810358","16427258","1796","1727681","1503828","832936","670892","2435452","153028","0","0","73351","46668","81824","186958","1562276","0","632","1344","6976","236","0","0","120173","599001","68848","2628268"
"142166:17-1-000:legal_applied:2020","142166","座間市","17-1-000","legal_applied","2020","128980","125454","13869152","12934560","2634","1786180","1500287","577156","923131","2033451","65841","0","0","0","185759","86112","257678","1375595","1257","159","225","16186","0","0","0","59032","398569","103221","2298034"
"142174:17-1-000:legal_applied:2020","142174","南足柄市","17-1-000","legal_applied","2020","30698","30265","5327052","4877373","1779","621775","731606","296133","435473","873272","13682","699","0","0","72363","20628","107983","565930","558","597","402","3535","30","0","0","54726","220168","6757","981314"
"142182:17-1-000:legal_applied:2020","142182","綾瀬市","17-1-000","legal_applied","2020","79832","79158","10430895","9122973","2289","1195416","1240743","663005","577738","2063446","41154","0","437470","42362","66462","66651","229923","1368904","0","11","258","12735","91","0","0","494942","107094","13403","2294012"
"143014:17-1-000:legal_applied:2020","143014","葉山町","17-1-000","legal_applied","2020","23256","21131","2173934","1929725","2244","258753","236016","236016","0","955005","21916","33314","170355","10431","58081","42465","120309","659000","43443","1964","130","19311","218","10322","9","170210","0","7933","1075314"
"143219:17-1-000:legal_applied:2020","143219","寒川町","17-1-000","legal_applied","2020","45719","44679","5448123","4988324","1978","562292","745157","260165","484992","1126723","125730","0","0","0","59708","58294","104962","776082","0","363","13","19","56","0","0","102624","164847","31124","1238384"
"143413:17-1-000:legal_applied:2020","143413","大磯町","17-1-000","legal_applied","2020","26198","20276","2270729","2010540","2687","285436","296078","129231","166847","713307","47230","0","0","0","29432","18446","145140","568212","0","1471","500","5143","0","0","0","41319","68433","11015","859679"
"143421:17-1-000:non_legal_applied:2020","143421","二宮町","17-1-000","non_legal_applied","2020","25260","20450","1842715","1965124","2673","303006","302816","150788","152028","","","","","","","","","","","","","","","","","","","",""
"143618:17-1-000:legal_applied:2020","143618","中井町","17-1-000","legal_applied","2020","6957","5218","1199245","1036171","1320","101550","176870","106272","70598","419006","10925","0","0","0","34988","14587","55297","318358","0","275","304","537","0","0","2621","23782","54735","10159","480655"
"143626:17-1-000:legal_applied:2020","143626","大井町","17-1-000","legal_applied","2020","15732","15180","2030698","1799435","1792","189608","268730","138133","130597","390065","14648","0","0","0","27852","17009","32120","247326","0","117","554","5252","0","0","0","15263","100239","4305","422185"
"143634:17-1-000:non_legal_applied:2020","143634","松田町","17-1-000","non_legal_applied","2020","9326","9033","1050618","987681","1723","121284","142144","63436","78708","","","","","","","","","","","","","","","","","","","",""
"143642:17-1-000:non_legal_applied:2020","143642","山北町","17-1-000","non_legal_applied","2020","8170","7280","1814982","1597609","1485","169539","259165","121230","137935","","","","","","","","","","","","","","","","","","","",""
"143669:17-1-000:legal_applied:2020","143669","開成町","17-1-000","legal_applied","2020","13351","12894","2873459","2161135","1685","221187","314022","171460","142562","410387","29205","0","0","0","25069","8835","39184","238928","0","275","25","0","0","0","0","17634","117185","28908","450974"
"143821:17-1-000:legal_applied:2020","143821","箱根町","17-1-000","legal_applied","2020","6161","5336","3783379","2942408","2046","564908","621070","352699","268371","1031323","5269","56940","251850","0","41068","57695","65944","665067","69414","2927","704","13984","0","4824","0","157088","0","59735","1097382"
"143839:17-1-000:non_legal_applied:2020","143839","真鶴町","17-1-000","non_legal_applied","2020","1419","658","73259","73259","3411","13617","14192","14192","0","","","","","","","","","","","","","","","","","","","",""
"143847:17-1-000:legal_applied:2020","143847","湯河原町","17-1-000","legal_applied","2020","22412","20693","4193846","2855563","2794","411348","433611","240634","192977","858990","34438","0","184420","0","52153","49390","46785","586345","37788","103","3772","12369","2467","168","0","131459","0","39341","909987"
"144011:17-1-000:legal_applied:2020","144011","愛川町","17-1-000","legal_applied","2020","36219","35477","4602096","4082222","2077","501586","612333","239789","372544","925886","25990","13134","0","0","69776","35052","125470","678143","935","2665","1605","7941","21","0","0","55034","133261","13573","1053700"
"151009:17-1-000:legal_applied:2020","151009","新潟市","17-1-000","legal_applied","2020","657094","606012","111030351","70122767","3047","11858823","12100828","4387234","7713594","24617968","623113","1198401","1351645","597176","368954","888046","4494015","18389999","641703","23462","25270","495554","32711","63084","0","2027655","1810843","239022","29131364"
"152021:17-1-000:legal_applied:2020","152021","長岡市","17-1-000","legal_applied","2020","223427","219371","33630130","26361704","2288","3288088","3889248","1681455","2207793","6873812","346243","69611","856628","230190","61823","133787","680573","4834458","167547","42966","8935","94695","3512","3069","0","929369","467026","223243","7589180"
"152048:17-1-000:legal_applied:2020","152048","三条市","17-1-000","legal_applied","2020","9801","6063","940056","871230","3795","164752","224543","164693","59850","984670","12007","26874","114426","0","32024","25722","126537","769413","16234","3120","281","13102","14","0","0","122983","0","52188","1129594"
"152056:17-1-000:legal_applied:2020","152056","柏崎市","17-1-000","legal_applied","2020","56815","56395","7703023","6801172","2791","1020414","884744","555904","328840","3071007","89096","118678","343420","0","93718","101988","258347","2126064","63832","2329","7501","85996","0","16275","0","343241","0","336809","3342382"
"152064:17-1-000:legal_applied:2020","152064","新発田市","17-1-000","legal_applied","2020","48495","28966","4388276","4202522","3168","727097","742276","460044","282232","1568722","39299","2105","0","51386","88846","125991","355787","1107098","5336","2","992","1780","99","0","2826","49396","255061","20454","1924822"
"152081:17-1-000:legal_applied:2020","152081","小千谷市","17-1-000","legal_applied","2020","29221","27810","3427307","3026435","3300","479531","474304","261701","212603","837570","55369","395","0","0","65554","46857","135244","574467","5111","525","1926","31178","0","0","1238","22965","140208","13097","972816"
"152099:17-1-000:non_legal_applied:2020","152099","加茂市","17-1-000","non_legal_applied","2020","18105","14856","1817872","1695773","3157","286157","295181","162984","132197","","","","","","","","","","","","","","","","","","","",""
"152102:17-1-000:legal_applied:2020","152102","十日町市","17-1-000","legal_applied","2020","19979","19467","2631063","2258712","3355","382918","443165","228193","214972","942246","21335","0","183134","0","31136","21650","80720","697808","30044","523","1226","5532","2040","0","0","166272","0","18071","1023886"
"152111:17-1-000:legal_applied:2020","152111","見附市","17-1-000","legal_applied","2020","35378","32677","5365802","3705514","3240","586768","603584","390319","213265","1464853","83543","26525","296022","0","81110","57179","162882","977285","50621","3805","2130","57967","0","3743","70","274137","0","46208","1636027"
"152129:17-1-000:legal_applied:2020","152129","村上市","17-1-000","legal_applied","2020","30540","20607","3191591","3081181","2860","393291","463427","384838","78589","1513493","30859","18710","281335","14604","29052","22062","233190","1130493","38556","740","1815","10413","0","15360","0","238388","0","65495","1756512"
"152137:17-1-000:legal_applied:2020","152137","燕市","17-1-000","legal_applied","2020","40138","29618","6096464","3312024","1958","333458","525442","260645","264797","1789740","21732","2483","171593","0","74792","44909","290754","1439013","25474","4442","821","15694","85","405","0","142988","80127","50853","2095565"
"152161:17-1-000:legal_applied:2020","152161","糸魚川市","17-1-000","legal_applied","2020","28379","27538","3322153","3476852","3482","625859","658980","469815","189165","1598212","48573","13054","329449","0","62894","41460","185430","1126094","53052","3782","3176","59717","0","0","2313","280527","0","30321","1785872"
"152170:17-1-000:legal_applied:2020","152170","妙高市","17-1-000","legal_applied","2020","15693","15647","2081216","1787914","3630","352208","331134","204684","126450","667019","39809","0","164875","0","14592","14888","68530","447743","30887","11","1267","18872","0","0","0","149119","0","9005","740322"
"152188:17-1-000:legal_applied:2020","152188","五泉市","17-1-000","legal_applied","2020","29557","22976","3263231","2975684","2860","417380","449248","201277","247971","1181542","22462","0","0","7012","28378","25219","88749","956731","2483","0","195","6103","24","0","0","18914","150749","22072","1271239"
"152226:17-1-000:legal_applied:2020","152226","上越市","17-1-000","legal_applied","2020","107214","101783","11630458","11234778","3941","2345529","1721031","795152","925879","5126854","133197","0","463066","75735","92361","121678","984164","4351142","69715","3392","1968","58552","671","19763","10319","444669","0","100084","6166117"
"152234:17-1-000:legal_applied:2020","152234","阿賀野市","17-1-000","legal_applied","2020","23755","16668","2268360","2102942","2640","275681","319893","258675","61218","874408","42753","3675","80245","0","53247","24314","146572","612468","19389","191","1181","18259","0","5072","0","99414","80301","14619","1021780"
"152242:17-1-000:legal_applied:2020","152242","佐渡市","17-1-000","legal_applied","2020","27719","18199","2181755","2065361","4284","445241","518412","457914","60498","2120146","59983","42423","297557","0","72212","38015","275740","1647321","43410","11449","4353","33862","0","0","0","311385","0","39430","2404965"
"152251:17-1-000:legal_applied:2020","152251","魚沼市","17-1-000","legal_applied","2020","20825","20162","3249215","2667253","4114","500612","361532","338602","22930","911515","29464","7844","0","20984","40894","20792","101869","573739","7893","242","773","3638","0","0","1614","51389","237857","20309","1020115"
"152269:17-1-000:legal_applied:2020","152269","南魚沼市","17-1-000","legal_applied","2020","20383","19266","2611483","2221639","3845","419526","446127","308991","137136","1139365","38348","4388","38356","0","70644","23756","125677","830933","5836","369","1505","7737","0","3028","0","68381","152612","45840","1265674"
"152277:17-1-000:legal_applied:2020","152277","胎内市","17-1-000","legal_applied","2020","13484","11855","1663188","1196945","3745","223795","166007","143102","22905","585567","25399","0","95805","0","21898","11452","90059","430861","20626","518","731","2491","0","0","1061","101393","0","16434","675626"
"153079:17-1-000:legal_applied:2020","153079","聖籠町","17-1-000","legal_applied","2020","9478","8525","1084810","1084804","3240","162561","158640","115362","43278","415598","17471","0","4208","0","29142","14710","70107","296752","3095","503","980","4236","0","678","0","13656","59306","22406","486429"
"153613:17-1-000:non_legal_applied:2020","153613","田上町","17-1-000","non_legal_applied","2020","0","0","0","0","0","0","0","0","0","","","","","","","","","","","","","","","","","","","",""
"153851:17-1-000:non_legal_applied:2020","153851","阿賀町","17-1-000","non_legal_applied","2020","3370","2518","314717","311322","3300","57239","56360","56359","1","","","","","","","","","","","","","","","","","","","",""
"154610:17-1-000:non_legal_applied:2020","154610","湯沢町","17-1-000","non_legal_applied","2020","6014","5290","1826096","1065436","3300","228126","260051","128106","131945","","","","","","","","","","","","","","","","","","","",""
"162019:17-1-000:legal_applied:2020","162019","富山市","17-1-000","legal_applied","2020","306313","298237","42849536","34389941","3080","6162705","6240207","2273597","3966610","9805804","144385","194480","1207419","180984","133797","274121","1343230","7149718","241159","4069","6677","277948","13819","74160","0","804444","595441","385806","11170592"
"162027:17-1-000:legal_applied:2020","162027","高岡市","17-1-000","legal_applied","2020","126042","122207","22879146","12860094","3476","2486623","2460178","1219089","1241089","3433324","60355","32904","420474","93653","45520","55574","413574","2032921","60307","1356","837","50787","19850","10262","0","402501","744838","84625","3877432"
"162043:17-1-000:legal_applied:2020","162043","魚津市","17-1-000","legal_applied","2020","19909","18211","2805995","2130457","3610","398978","372173","181236","190937","928396","11109","6657","133897","0","29069","14814","114493","746553","19341","0","1797","25338","192","4730","0","110767","0","5626","1043651"
"162051:17-1-000:legal_applied:2020","162051","氷見市","17-1-000","legal_applied","2020","22199","20791","2394858","2175330","3185","335054","282469","218487","63982","914503","17144","3970","146495","16284","29849","34415","61194","700674","0","0","0","3990","0","0","0","180332","0","394","980999"
"162060:17-1-000:legal_applied:2020","162060","滑川市","17-1-000","legal_applied","2020","13057","12002","1469974","1299278","3593","230481","230481","101383","129098","589566","18085","9493","59826","0","18408","19046","96038","480923","16242","135","840","2575","0","4602","0","55591","0","9612","685604"
"162078:17-1-000:legal_applied:2020","162078","黒部市","17-1-000","legal_applied","2020","16729","15325","2534320","1864631","3006","286234","517557","308887","208670","864667","8117","0","270585","0","33848","25436","102148","550980","35125","0","831","18329","0","0","0","227303","0","8152","968304"
"162086:17-1-000:legal_applied:2020","162086","砺波市","17-1-000","legal_applied","2020","13360","12951","1807878","1649592","3300","290254","296284","128351","167933","371924","12496","0","0","557","23260","13735","59983","243423","1825","0","23","5078","0","0","0","5570","92188","10107","431932"
"162094:17-1-000:legal_applied:2020","162094","小矢部市","17-1-000","legal_applied","2020","10318","9260","1284531","1007865","3300","163771","164228","154304","9924","521725","8048","13614","0","0","26854","14482","88265","363008","2198","1929","1091","4747","0","0","250","13330","110015","12326","611641"
"162108:17-1-000:legal_applied:2020","162108","南砺市","17-1-000","legal_applied","2020","15821","15045","2173809","1748909","3960","291082","300918","222695","78223","626660","56502","0","0","0","39408","26403","65512","415832","2731","111","1215","38272","232","0","0","22721","107611","32652","713292"
"162116:17-1-000:legal_applied:2020","162116","射水市","17-1-000","legal_applied","2020","64123","60964","8398340","6076124","3190","945411","945411","621222","324189","2043716","50668","60332","66490","49651","61739","72195","309500","1336298","36931","1232","1402","26333","0","6202","0","117084","417719","35183","2360079"
"163422:17-1-000:non_legal_applied:2020","163422","入善町","17-1-000","non_legal_applied","2020","5822","5176","740019","629016","3740","108012","112176","66834","45342","","","","","","","","","","","","","","","","","","","",""
"163431:17-1-000:non_legal_applied:2020","163431","朝日町","17-1-000","non_legal_applied","2020","4387","3768","606595","515606","3562","71498","89339","33303","56036","","","","","","","","","","","","","","","","","","","",""
"169048:17-1-000:legal_applied:2020","169048","中新川広域行政事務組合","17-1-000","legal_applied","2020","26394","23970","3556791","2866392","3740","503824","503824","271108","232716","1176755","23377","2830","179702","17939","47194","39511","212729","871324","42568","582","2202","9576","125","0","0","157158","0","53775","1389550"
"172014:17-1-000:legal_applied:2020","172014","金沢市","17-1-000","legal_applied","2020","440963","430337","61278025","51494563","2651","6170270","7874673","2781765","5092908","12824367","610851","249976","1532894","325279","263418","493907","1903047","9389348","195080","11819","28648","583858","0","49667","0","1415682","324643","367078","14762777"
"172022:17-1-000:legal_applied:2020","172022","七尾市","17-1-000","legal_applied","2020","15464","13080","2405500","2062578","3410","345628","453035","248671","204364","1029796","7345","3004","202785","17873","13625","23578","207033","781480","37240","219","1022","2694","0","1548","508","170296","0","11566","1237184"
"172031:17-1-000:legal_applied:2020","172031","小松市","17-1-000","legal_applied","2020","77843","67034","8518633","7575819","2530","1032037","1138473","419497","718976","2858948","47397","107315","187264","46067","64267","66360","641890","2273978","3","0","0","65563","0","0","0","263187","115653","97861","3524495"
"172049:17-1-000:legal_applied:2020","172049","輪島市","17-1-000","legal_applied","2020","12547","8369","1170920","942599","3450","162494","258187","135883","122304","558453","4651","12648","94828","0","21963","13207","98822","407077","14552","221","1637","4481","160","3855","27","85199","0","29413","658651"
"172057:17-1-000:legal_applied:2020","172057","珠洲市","17-1-000","legal_applied","2020","6302","4335","587225","528519","3520","85174","93273","76252","17021","582049","6954","8346","43672","1385","7357","5795","60825","426972","0","0","0","19370","0","0","0","97451","0","40999","651412"
"172065:17-1-000:legal_applied:2020","172065","加賀市","17-1-000","legal_applied","2020","32969","26446","5658631","3868317","2700","505369","601845","562035","39810","1419501","11670","30983","87881","11687","53597","35851","201114","846602","20156","202","2048","12313","0","4048","0","115797","362676","35173","1635980"
"172073:17-1-000:legal_applied:2020","172073","羽咋市","17-1-000","legal_applied","2020","13581","11653","1509238","1191800","3465","205959","172117","107016","65101","498428","11162","2094","61472","5018","24075","15692","112399","393053","20046","80","1152","6262","0","0","0","44095","0","19689","612468"
"172090:17-1-000:legal_applied:2020","172090","かほく市","17-1-000","legal_applied","2020","31083","29326","3450645","2962394","2442","347137","509114","192330","316784","1298654","2195","3370","180481","0","18033","8647","156352","1087897","0","0","0","5870","180","0","225","127028","0","69152","1455351"
"172103:17-1-000:legal_applied:2020","172103","白山市","17-1-000","legal_applied","2020","102827","99168","12065562","11034332","2662","1464454","1464454","812242","652212","2935639","71320","8452","415928","68728","80407","66151","519686","2100445","112371","176","4530","70279","0","0","1539","371688","181390","31031","3459286"
"172111:17-1-000:legal_applied:2020","172111","能美市","17-1-000","legal_applied","2020","46363","43035","5770023","5298556","3080","725712","888360","475112","413248","1316814","29035","16134","83812","0","37101","19383","230627","841702","14032","38","1570","57352","0","508","0","46381","309030","26818","1547441"
"172120:17-1-000:legal_applied:2020","172120","野々市市","17-1-000","legal_applied","2020","52249","45570","5554696","5864110","2420","737713","863530","338926","524604","1033925","48791","0","0","0","25504","39660","183361","694935","0","1523","311","5385","0","0","0","19965","264606","7565","1217311"
"173614:17-1-000:legal_applied:2020","173614","津幡町","17-1-000","legal_applied","2020","34001","31783","3374177","3155914","3520","518832","546065","227633","318432","1111853","8022","17965","168287","9420","23797","16488","170452","873190","48500","1578","1740","25561","0","7709","0","80556","0","58061","1283835"
"173657:17-1-000:legal_applied:2020","173657","内灘町","17-1-000","legal_applied","2020","26267","25824","2632103","2719656","2459","323275","445574","189023","256551","793961","9644","24670","139256","0","26397","26741","98231","584847","29265","1781","1087","4288","0","0","0","88221","0","59382","893843"
"173843:17-1-000:legal_applied:2020","173843","志賀町","17-1-000","legal_applied","2020","9137","6250","680884","712343","3300","111372","123141","102052","21089","461889","2875","0","69637","5397","10422","9294","68074","358554","13952","175","444","8555","0","1283","0","47475","0","22320","530126"
"174611:17-1-000:non_legal_applied:2020","174611","穴水町","17-1-000","non_legal_applied","2020","3184","2345","314335","310443","3960","68307","68307","48965","19342","","","","","","","","","","","","","","","","","","","",""
"174637:17-1-000:legal_applied:2020","174637","能登町","17-1-000","legal_applied","2020","1925","1209","104896","111197","3300","18552","19577","14456","5121","116333","2630","0","11019","0","807","0","20667","101877","3323","59","0","30","105","497","0","9497","0","945","137000"
"182010:17-1-000:legal_applied:2020","182010","福井市","17-1-000","legal_applied","2020","223323","213009","40720840","27566152","2513","4175954","3691095","1801508","1889587","7037502","461401","407842","887995","271054","229078","437566","888187","4437775","614","561","7639","400044","17484","17","0","1307472","143142","179014","7819515"
"182028:17-1-000:legal_applied:2020","182028","敦賀市","17-1-000","legal_applied","2020","55989","51965","9482191","6681994","2200","883579","841027","416862","424165","1770616","25420","28095","336948","32677","37191","56109","230702","1302555","58664","3668","3194","13281","833","0","0","280824","0","65468","2015298"
"182044:17-1-000:legal_applied:2020","182044","小浜市","17-1-000","legal_applied","2020","19911","18307","2912338","2337165","3872","452692","515955","248891","267064","996374","32166","16751","159924","0","39517","33437","185224","734179","20173","6912","226","15223","903","7705","10582","143361","0","33427","1191352"
"182052:17-1-000:legal_applied:2020","182052","大野市","17-1-000","legal_applied","2020","17787","6649","1038412","896120","3443","143549","170088","140834","29254","587411","11610","0","55227","13323","58695","57118","112197","445484","10444","1018","669","5312","3072","0","0","38209","0","28047","701570"
"182061:17-1-000:non_legal_applied:2020","182061","勝山市","17-1-000","non_legal_applied","2020","19254","17593","3026997","2141654","2783","350263","355085","201280","153805","","","","","","","","","","","","","","","","","","","",""
"182079:17-1-000:legal_applied:2020","182079","鯖江市","17-1-000","legal_applied","2020","50611","47555","10382104","6156274","3256","1061376","1176699","356207","820492","1576182","36668","9856","279770","0","51727","18299","253198","1198161","69605","5757","858","26595","0","0","0","248261","0","19337","1840071"
"182087:17-1-000:legal_applied:2020","182087","あわら市","17-1-000","legal_applied","2020","26497","25019","4437764","3436182","2695","484920","470619","245685","224934","954893","10773","27049","0","0","50776","22283","148016","653903","10417","554","86","3309","148","0","0","13128","209785","41542","1103171"
"182095:17-1-000:legal_applied:2020","182095","越前市","17-1-000","legal_applied","2020","57868","51065","6358929","4702757","2673","659565","721634","323388","398246","1792809","46284","0","236896","0","96384","31317","315867","1413132","0","0","159","13836","1002","0","0","247398","0","124735","2147446"
"182109:17-1-000:legal_applied:2020","182109","坂井市","17-1-000","legal_applied","2020","86123","80269","10449154","8982087","2530","1167719","1347313","699999","647314","2536299","80913","35460","0","0","94970","28111","309148","1817709","28817","170","5410","25999","0","0","0","50269","499622","80455","2845710"
"183229:17-1-000:non_legal_applied:2020","183229","永平寺町","17-1-000","non_legal_applied","2020","7229","7039","840841","758643","2530","107483","138505","113560","24945","","","","","","","","","","","","","","","","","","","",""
"184233:17-1-000:non_legal_applied:2020","184233","越前町","17-1-000","non_legal_applied","2020","10196","9802","1682128","1057904","2860","162756","163525","103244","60281","","","","","","","","","","","","","","","","","","","",""
"184420:17-1-000:non_legal_applied:2020","184420","美浜町","17-1-000","non_legal_applied","2020","5616","4560","1108122","1108122","4312","114260","330865","139896","190969","","","","","","","","","","","","","","","","","","","",""
"184811:17-1-000:non_legal_applied:2020","184811","高浜町","17-1-000","non_legal_applied","2020","8092","7763","1086408","995890","1890","122926","218562","218562","0","","","","","","","","","","","","","","","","","","","",""
"188433:17-1-000:legal_applied:2020","188433","五領川公共下水道事務組合","17-1-000","legal_applied","2020","5481","5357","2012559","840352","2530","121839","241076","127452","113624","389406","12195","0","134781","5177","12615","26558","27113","222099","0","0","196","49","132","0","960","132929","0","6752","416788"
"192015:17-1-000:legal_applied:2020","192015","甲府市","17-1-000","legal_applied","2020","154580","153765","33148062","19344222","2431","2792860","2901633","1034435","1867198","4506810","169057","11114","712820","0","337954","216260","507006","3252524","168207","1402","1908","50702","15272","7190","180","494494","0","313829","5028974"
"192023:17-1-000:legal_applied:2020","192023","富士吉田市","17-1-000","legal_applied","2020","20335","15131","2230598","2351284","1815","225213","351679","225188","126491","707821","15460","0","0","12649","18768","19298","80665","482870","559","0","59","0","0","0","0","21424","176754","9969","791598"
"192040:17-1-000:legal_applied:2020","192040","都留市","17-1-000","legal_applied","2020","8506","5341","738218","775766","2420","107056","171019","171019","0","493545","31709","1161","0","0","0","17158","88171","327163","893","0","268","475","0","0","0","14076","122134","16015","586353"
"192058:17-1-000:legal_applied:2020","192058","山梨市","17-1-000","legal_applied","2020","17575","14252","3168399","2111423","2541","294583","314336","278856","35480","666057","43879","0","0","6736","31612","53422","99835","382728","559","0","122","2560","820","0","0","12073","196552","17299","765970"
"192066:17-1-000:non_legal_applied:2020","192066","大月市","17-1-000","non_legal_applied","2020","4049","2555","279872","279872","2640","42717","241339","62805","178534","","","","","","","","","","","","","","","","","","","",""
"192074:17-1-000:legal_applied:2020","192074","韮崎市","17-1-000","legal_applied","2020","19093","17832","2063950","1867125","2123","213724","280072","190153","89919","636419","29078","0","0","0","27009","11935","137077","446278","4330","0","959","8264","0","0","0","24653","124869","15143","773508"
"192082:17-1-000:legal_applied:2020","192082","南アルプス市","17-1-000","legal_applied","2020","36242","32820","4124264","3769990","1700","323752","570221","451001","119220","1146456","27690","0","0","0","111107","50212","221438","770215","888","0","368","7927","80","0","0","30253","237444","123828","1442653"
"192104:17-1-000:legal_applied:2020","192104","甲斐市","17-1-000","legal_applied","2020","58675","51036","6023193","5490410","1705","507301","808916","497035","311881","1312573","37167","0","0","50216","50216","38401","223852","805465","1884","0","1006","7999","19","0","600","65763","369509","32651","1547149"
"192112:17-1-000:legal_applied:2020","192112","笛吹市","17-1-000","legal_applied","2020","42170","38723","5165337","4641323","2376","603019","705426","517133","188293","1533645","73560","0","0","0","53522","32420","260283","1032971","8988","0","3071","7067","0","0","0","41527","373496","50564","1810387"
"192121:17-1-000:non_legal_applied:2020","192121","上野原市","17-1-000","non_legal_applied","2020","10972","9187","1146450","1117348","2860","221536","273217","273217","0","","","","","","","","","","","","","","","","","","","",""
"192139:17-1-000:legal_applied:2020","192139","甲州市","17-1-000","legal_applied","2020","16536","13730","1791222","1407071","2328","175683","220590","165295","55295","678046","40124","46","0","0","61949","35279","97790","466247","46","1267","442","3025","303","0","0","53208","109680","12236","779523"
"192147:17-1-000:legal_applied:2020","192147","中央市","17-1-000","legal_applied","2020","20007","17324","2352103","2138439","2200","256076","309174","186460","122714","613613","9612","0","0","0","37199","10628","122203","428734","2136","0","319","1062","0","0","0","27439","138068","6808","737397"
"193461:17-1-000:non_legal_applied:2020","193461","市川三郷町","17-1-000","non_legal_applied","2020","11008","9249","1198355","1141649","1870","123423","354824","142012","212812","","","","","","","","","","","","","","","","","","","",""
"193658:17-1-000:non_legal_applied:2020","193658","身延町","17-1-000","non_legal_applied","2020","2462","1351","202685","202685","2310","31112","37647","35216","2431","","","","","","","","","","","","","","","","","","","",""
"193682:17-1-000:non_legal_applied:2020","193682","富士川町","17-1-000","non_legal_applied","2020","11602","10441","1431001","1325239","2170","164982","187556","137450","50106","","","","","","","","","","","","","","","","","","","",""
"193844:17-1-000:non_legal_applied:2020","193844","昭和町","17-1-000","non_legal_applied","2020","18602","17336","2304750","2099160","2420","309172","314873","229528","85345","","","","","","","","","","","","","","","","","","","",""
"194239:17-1-000:non_legal_applied:2020","194239","西桂町","17-1-000","non_legal_applied","2020","2481","1801","190646","190646","2090","21629","48275","37273","11002","","","","","","","","","","","","","","","","","","","",""
"194247:17-1-000:non_legal_applied:2020","194247","忍野村","17-1-000","non_legal_applied","2020","5266","4183","922477","922477","1375","66958","138372","100016","38356","","","","","","","","","","","","","","","","","","","",""
"194255:17-1-000:non_legal_applied:2020","194255","山中湖村","17-1-000","non_legal_applied","2020","3643","3408","1437407","1235638","1430","95183","185346","154816","30530","","","","","","","","","","","","","","","","","","","",""
"194301:17-1-000:non_legal_applied:2020","194301","富士河口湖町","17-1-000","non_legal_applied","2020","20401","18805","3046259","3046259","1760","286450","458769","284528","174241","","","","","","","","","","","","","","","","","","","",""
"200000:17-1-000:non_legal_applied:2020","200000","長野県","17-1-000","non_legal_applied","2020","0","0","0","0","0","0","0","0","0","","","","","","","","","","","","","","","","","","","",""
"202011:17-1-000:legal_applied:2020","202011","長野市","17-1-000","legal_applied","2020","337029","328335","40752731","35072586","3534","6625146","5697414","2913404","2784010","8400784","355925","19163","946212","216204","155207","299601","1330198","5425058","135908","991","2828","246861","10224","22464","0","721610","1201082","356449","9753274"
"202029:17-1-000:legal_applied:2020","202029","松本市","17-1-000","legal_applied","2020","193008","191607","31177162","24113162","3140","4082451","3202221","1499596","1702625","4289170","185229","9469","1036671","163625","83229","203433","306188","2705785","128237","0","4251","385313","27859","59860","0","536886","0","221152","4578964"
"202037:17-1-000:legal_applied:2020","202037","上田市","17-1-000","legal_applied","2020","93414","89273","11725267","9995312","3827","1882956","1199677","784318","415359","2948137","102458","19547","521767","74899","36994","56687","514045","2158820","116759","653","2868","107897","1855","42158","0","378196","0","86241","3466179"
"202045:17-1-000:legal_applied:2020","202045","岡谷市","17-1-000","legal_applied","2020","48385","47338","7998650","5508569","3278","942158","942158","482662","459496","1296754","87275","0","0","33371","38667","64755","114037","783354","5385","708","2407","32029","12426","0","0","32820","335516","44192","1427629"
"202053:17-1-000:legal_applied:2020","202053","飯田市","17-1-000","legal_applied","2020","76892","71240","10683145","7361271","3797","1557488","1147383","688609","458774","2244750","162698","0","454473","39030","97630","134656","297391","1465215","40943","475","3996","85332","2284","389","0","368165","0","145339","2544185"
"202061:17-1-000:legal_applied:2020","202061","諏訪市","17-1-000","legal_applied","2020","48417","48132","9896572","6985257","3119","1170673","1298207","547837","750370","1617714","87350","0","0","45868","34447","60515","156781","1022074","3142","719","1847","54103","426","0","5858","35604","417742","16083","1774894"
"202070:17-1-000:legal_applied:2020","202070","須坂市","17-1-000","legal_applied","2020","41538","38336","3951894","3951894","3640","726348","738189","380303","357886","1113454","49916","0","0","0","43655","21576","213239","733538","0","2710","854","15226","0","0","0","37846","286137","15954","1327080"
"202088:17-1-000:legal_applied:2020","202088","小諸市","17-1-000","legal_applied","2020","21727","20204","2174606","1856018","3750","356966","302350","161690","140660","707852","24685","0","114065","13503","8808","25203","118671","521446","22322","447","449","14358","0","0","0","86885","0","39016","828797"
"202096:17-1-000:legal_applied:2020","202096","伊那市","17-1-000","legal_applied","2020","29463","27599","2872653","2925017","4070","669531","557739","299822","257917","1042977","15841","12028","204858","35335","47041","62309","172788","726135","27466","1275","1533","14194","0","945","1896","190316","0","17122","1215979"
"202100:17-1-000:legal_applied:2020","202100","駒ケ根市","17-1-000","legal_applied","2020","19154","16460","2517189","2081643","3300","377739","335953","225473","110480","707681","22640","0","138031","0","64802","40983","85469","482183","23834","3831","1563","22881","0","0","0","122128","0","21597","804469"
"202118:17-1-000:legal_applied:2020","202118","中野市","17-1-000","legal_applied","2020","25135","23280","2742631","2356913","3575","468523","486360","261554","224806","849130","21725","0","198937","12723","28114","30907","96151","587011","26441","901","424","51753","0","8310","0","117839","0","61870","981607"
"202126:17-1-000:legal_applied:2020","202126","大町市","17-1-000","legal_applied","2020","13562","10379","1352271","1289998","3790","262097","209205","209205","0","564063","7131","0","146400","0","49443","51173","103183","357316","103","14023","926","35965","1213","0","1109","67659","0","37034","669704"
"202134:17-1-000:non_legal_applied:2020","202134","飯山市","17-1-000","non_legal_applied","2020","12867","12116","1361809","1173419","3616","242345","252677","168316","84361","","","","","","","","","","","","","","","","","","","",""
"202142:17-1-000:legal_applied:2020","202142","茅野市","17-1-000","legal_applied","2020","49088","48687","9186922","6326917","3118","1112869","819942","494561","325381","1526896","154765","5695","0","12745","28842","32521","119495","926804","5695","43","2219","18158","7394","213","3261","28424","386828","144423","1675478"
"202151:17-1-000:legal_applied:2020","202151","塩尻市","17-1-000","legal_applied","2020","51354","50576","7238098","5726814","3980","1270792","1274253","592212","682041","1801625","88358","0","395072","67150","46970","65624","226976","1197139","46464","238","1631","103652","0","42792","5754","248659","0","89860","2028789"
"202177:17-1-000:legal_applied:2020","202177","佐久市","17-1-000","legal_applied","2020","63310","62040","7173897","6470834","4510","1591776","1531510","694698","836812","1916425","32170","48154","409430","101585","96195","136055","268141","1202223","60291","1390","18837","32575","83","0","1527","406005","0","57615","2184742"
"202185:17-1-000:legal_applied:2020","202185","千曲市","17-1-000","legal_applied","2020","55405","51514","5892885","5892885","3245","963768","592361","533860","58501","1833840","55175","0","0","34665","36065","35319","450034","1301509","2770","0","7759","10036","0","0","0","48891","406345","23130","2285793"
"202193:17-1-000:legal_applied:2020","202193","東御市","17-1-000","legal_applied","2020","19565","18518","2637876","1948775","3355","324525","325381","199627","125754","727042","19093","0","106179","0","80310","52308","114962","521460","25832","420","2359","5733","0","0","0","112379","0","6569","842022"
"202207:17-1-000:legal_applied:2020","202207","安曇野市","17-1-000","legal_applied","2020","78525","69613","7486610","7486610","3960","1456523","1465332","979214","486118","2577586","173979","0","35110","0","100732","82627","463912","1596016","4114","185","2323","29839","8","815","0","98297","666284","94722","3039142"
"203211:17-1-000:non_legal_applied:2020","203211","軽井沢町","17-1-000","non_legal_applied","2020","9956","9342","1772879","1585384","2860","325399","325399","204247","121152","","","","","","","","","","","","","","","","","","","",""
"203238:17-1-000:non_legal_applied:2020","203238","御代田町","17-1-000","non_legal_applied","2020","13513","12198","1263477","1255091","4620","310888","460399","128227","332172","","","","","","","","","","","","","","","","","","","",""
"203611:17-1-000:legal_applied:2020","203611","下諏訪町","17-1-000","legal_applied","2020","19467","19120","3854514","2654555","2992","403027","388618","205913","182705","524530","42843","0","0","0","25365","23957","28994","293480","1707","0","540","548","0","0","3936","30471","162724","13621","559978"
"203629:17-1-000:legal_applied:2020","203629","富士見町","17-1-000","legal_applied","2020","11277","10515","2708151","2281291","4070","500475","471403","241221","230182","680066","32865","0","85862","0","28887","22433","99778","429231","8548","112","1281","10310","0","0","0","93974","89436","24805","779908"
"203823:17-1-000:legal_applied:2020","203823","辰野町","17-1-000","legal_applied","2020","13038","12317","1677079","1479071","3941","283930","210103","135048","75055","479221","15610","9861","87340","0","22212","20517","68475","344096","22203","363","1033","14028","5371","0","0","67051","0","4584","547721"
"203831:17-1-000:legal_applied:2020","203831","箕輪町","17-1-000","legal_applied","2020","13383","11991","1732906","1249398","3938","252172","253654","105911","147743","438812","7467","0","73259","0","19207","9500","89937","338879","11335","33","708","11505","0","0","0","62326","0","10504","534727"
"203840:17-1-000:legal_applied:2020","203840","飯島町","17-1-000","legal_applied","2020","5327","4233","446886","446886","4752","88633","88633","66588","22045","246573","1917","0","43595","0","21076","9175","57940","179985","4501","212","215","4485","0","2257","0","39441","0","6302","304513"
"203858:17-1-000:legal_applied:2020","203858","南箕輪村","17-1-000","legal_applied","2020","15483","14439","1505786","1486836","3531","265824","281360","101356","180004","470736","5268","0","69405","0","26672","18027","96377","369391","14926","169","957","3358","0","0","0","54787","0","9129","567121"
"203866:17-1-000:legal_applied:2020","203866","中川村","17-1-000","legal_applied","2020","2724","2533","247349","244876","5280","56268","63409","42507","20902","151757","9405","0","26174","0","5824","4839","19850","109250","2919","199","602","2503","0","734","0","24308","0","6403","171607"
"203882:17-1-000:legal_applied:2020","203882","宮田村","17-1-000","legal_applied","2020","6747","6546","691103","597606","4070","115253","110062","73333","36729","196840","7244","0","49434","0","16655","11207","17403","123507","6950","260","557","6246","202","0","0","43814","0","4097","214243"
"204021:17-1-000:legal_applied:2020","204021","松川町","17-1-000","legal_applied","2020","5193","4604","539986","517980","2882","82989","83882","72819","11063","218836","5834","0","36127","0","29818","13090","31186","146824","6857","528","74","7270","18","0","0","40773","0","4209","250829"
"204030:17-1-000:legal_applied:2020","204030","高森町","17-1-000","legal_applied","2020","8628","7856","817586","771475","3813","147117","138159","67260","70899","321517","7588","0","48674","0","10458","3344","67503","254797","0","0","339","1176","16","0","0","57825","0","4560","389560"
"204226:17-1-000:legal_applied:2020","204226","上松町","17-1-000","legal_applied","2020","2961","2392","258598","256034","3580","44209","62082","40276","21806","168165","2300","5849","19144","0","12983","3563","18137","127889","7852","42","508","2455","0","132","0","19281","0","6443","186302"
"204323:17-1-000:non_legal_applied:2020","204323","木曽町","17-1-000","non_legal_applied","2020","4833","4358","727260","571826","3960","134737","219224","84486","134738","","","","","","","","","","","","","","","","","","","",""
"204811:17-1-000:legal_applied:2020","204811","池田町","17-1-000","legal_applied","2020","9102","8474","988574","819355","4450","176521","79925","79925","0","395151","1175","1778","53544","0","23333","6646","54209","315226","10352","173","591","1101","60","0","136","59663","0","1203","449360"
"204854:17-1-000:legal_applied:2020","204854","白馬村","17-1-000","legal_applied","2020","6569","5405","989522","713256","3740","160960","181557","91685","89872","429441","8970","0","52365","0","29915","17454","61666","337857","5925","73","1593","1462","18","0","0","50606","0","14554","491208"
"205214:17-1-000:non_legal_applied:2020","205214","坂城町","17-1-000","non_legal_applied","2020","13070","10025","984059","984059","3080","173319","171138","93175","77963","","","","","","","","","","","","","","","","","","","",""
"205419:17-1-000:non_legal_applied:2020","205419","小布施町","17-1-000","non_legal_applied","2020","8817","8601","847915","847610","2864","142746","563079","563079","0","","","","","","","","","","","","","","","","","","","",""
"205613:17-1-000:legal_applied:2020","205613","山ノ内町","17-1-000","legal_applied","2020","5159","4944","793642","604934","3335","118871","140661","112958","27703","392590","3674","0","80342","0","24047","18412","16945","284522","9464","155","1282","15318","585","4362","1586","52176","0","9618","414425"
"205630:17-1-000:non_legal_applied:2020","205630","野沢温泉村","17-1-000","non_legal_applied","2020","2711","2709","1444073","801272","3980","128437","131423","98655","32768","","","","","","","","","","","","","","","","","","","",""
"205834:17-1-000:legal_applied:2020","205834","信濃町","17-1-000","legal_applied","2020","3567","2527","298793","298793","3560","56351","67656","67656","0","245492","8870","0","42425","0","16093","8801","41245","178104","6625","97","1194","5588","30","0","0","38245","0","7076","287005"
"209066:17-1-000:legal_applied:2020","209066","南佐久環境衛生組合","17-1-000","legal_applied","2020","13525","11694","1053124","1048331","4422","229166","273348","230388","42960","747612","33287","11321","77535","20712","45248","31662","103566","533228","17704","0","0","9746","0","4674","0","103411","0","63191","867182"
"209279:17-1-000:legal_applied:2020","209279","木曽広域連合","17-1-000","legal_applied","2020","12919","0","0","0","0","0","128946","62113","66833","124819","0","0","62113","0","0","7923","4127","62706","3319","0","47","9460","102","5402","0","33090","0","2770","128946"
"212016:17-1-000:legal_applied:2020","212016","岐阜市","17-1-000","legal_applied","2020","381770","329740","58628888","43985178","2739","5904287","5345543","2783677","2561866","6723803","288588","12585","1508847","238467","250499","661135","910574","3668746","271909","4508","13194","231326","83264","116547","0","807371","647802","230733","7647109"
"212024:17-1-000:legal_applied:2020","212024","大垣市","17-1-000","legal_applied","2020","140983","125103","24186000","15752222","2560","1986378","2459637","761561","1698076","3360210","111591","13301","485419","90296","58660","179906","497073","2581285","103732","3840","1250","103831","2936","27942","2734","326951","0","84299","3915779"
"212032:17-1-000:legal_applied:2020","212032","高山市","17-1-000","legal_applied","2020","60160","57275","10458779","7295561","2860","1140073","1096592","398843","697749","1529876","62428","976","290771","0","60319","69545","192833","1098740","85313","7055","1339","7548","204","16000","0","208636","0","37621","1724834"
"212041:17-1-000:legal_applied:2020","212041","多治見市","17-1-000","legal_applied","2020","104055","97488","21137296","10545509","2750","1579301","1448015","549271","898744","2882830","84501","58618","500439","0","113079","151865","246413","2024802","130840","1146","6296","68165","270","44665","0","242307","0","222457","3139226"
"212059:17-1-000:legal_applied:2020","212059","関市","17-1-000","legal_applied","2020","55648","55185","10937478","6821697","2365","797116","1515558","500797","1014761","1621154","69428","6682","372660","34366","20495","124950","58350","1114832","110188","271","1229","121838","850","21439","0","93119","0","38677","1685743"
"212067:17-1-000:legal_applied:2020","212067","中津川市","17-1-000","legal_applied","2020","24795","20951","3821738","2621238","3740","503133","478938","298026","180912","1103828","48723","0","203884","24901","23999","67913","113882","765442","25225","920","909","13294","0","18513","1033","136201","0","80066","1223398"
"212075:17-1-000:non_legal_applied:2020","212075","美濃市","17-1-000","non_legal_applied","2020","15058","10249","1792589","1350288","3110","244055","244055","190670","53385","","","","","","","","","","","","","","","","","","","",""
"212083:17-1-000:legal_applied:2020","212083","瑞浪市","17-1-000","legal_applied","2020","26517","24695","3817805","2595792","3520","481416","491368","221314","270054","791421","43274","13633","147629","0","16304","79881","86580","556205","25431","990","2618","28378","0","4777","0","75754","0","20497","881111"
"212091:17-1-000:legal_applied:2020","212091","羽島市","17-1-000","legal_applied","2020","32136","21465","2584844","2324554","2360","258883","348922","312006","36916","1094260","5433","0","220952","0","68919","54940","201536","798956","30985","1659","1391","18541","708","14117","0","145361","0","51241","1319435"
"212105:17-1-000:legal_applied:2020","212105","恵那市","17-1-000","legal_applied","2020","16812","16623","3341326","1869180","3795","372798","483312","255865","227447","698883","14281","945","220277","0","50273","26628","41082","412811","23393","991","1138","38286","75","17874","0","73934","0","129866","766078"
"212113:17-1-000:legal_applied:2020","212113","美濃加茂市","17-1-000","legal_applied","2020","45776","39897","5264527","4223713","3190","654299","746872","516858","230014","1481242","67227","31361","163478","12954","42898","44834","246731","929981","10092","8047","2696","22030","1251","220","0","199649","232708","44190","1742429"
"212121:17-1-000:legal_applied:2020","212121","土岐市","17-1-000","legal_applied","2020","48075","40457","5816783","4071751","3300","690556","561166","404236","156930","1547801","95227","22201","280105","0","43277","63334","142944","1106762","34674","1221","2097","23034","557","11278","0","295476","0","16533","1697910"
"212130:17-1-000:legal_applied:2020","212130","各務原市","17-1-000","legal_applied","2020","121109","108895","13412124","10543539","2557","1343679","1510508","976898","533610","2389507","62707","0","0","89417","77271","116680","279482","1391039","0","2329","1178","7197","0","0","608","64894","750518","55212","2669137"
"212148:17-1-000:legal_applied:2020","212148","可児市","17-1-000","legal_applied","2020","91009","84691","9755105","8479517","3267","1307515","1112961","814741","298220","1986676","86702","0","0","64621","79309","58687","264692","1167952","0","5604","2092","5439","214","0","0","149121","547318","90278","2291397"
"212156:17-1-000:non_legal_applied:2020","212156","山県市","17-1-000","non_legal_applied","2020","13014","4963","1104741","1104741","3850","135149","165711","142800","22911","","","","","","","","","","","","","","","","","","","",""
"212164:17-1-000:legal_applied:2020","212164","瑞穂市","17-1-000","legal_applied","2020","0","0","0","0","0","0","0","0","0","0","0","0","0","0","0","0","0","0","0","0","0","0","0","0","0","0","0","0","0"
"212172:17-1-000:non_legal_applied:2020","212172","飛騨市","17-1-000","non_legal_applied","2020","16925","14234","1459335","1466727","3410","291046","248508","208888","39620","","","","","","","","","","","","","","","","","","","",""
"212199:17-1-000:legal_applied:2020","212199","郡上市","17-1-000","legal_applied","2020","7564","5185","773984","717852","3575","129557","133200","95890","37310","375967","15487","0","47270","0","16065","11926","69089","297145","18784","618","1380","6578","112","2835","0","30991","0","22666","462124"
"212202:17-1-000:legal_applied:2020","212202","下呂市","17-1-000","legal_applied","2020","6215","4788","1278961","933128","3459","148058","208425","162669","45756","467781","2367","0","140916","0","19200","10538","63739","305298","23831","0","1331","331","0","0","0","122475","0","4163","531706"
"212211:17-1-000:legal_applied:2020","212211","海津市","17-1-000","legal_applied","2020","21451","14187","1925136","1667256","3520","279160","281627","273859","7768","1059387","32608","14297","173105","0","39703","37101","151977","783566","34535","610","3302","28064","392","7031","0","145170","0","21221","1212969"
"213021:17-1-000:legal_applied:2020","213021","岐南町","17-1-000","legal_applied","2020","24794","23832","2510408","2510408","1919","236461","451937","208415","243522","510393","31153","0","0","0","46195","17282","60483","302967","1319","0","263","2776","0","0","765","41886","129862","22099","579702"
"213039:17-1-000:legal_applied:2020","213039","笠松町","17-1-000","legal_applied","2020","19764","16863","2741026","2055485","2988","303249","229059","197139","31920","532713","9445","0","0","5718","20915","15337","76654","341405","0","225","316","2306","0","0","0","12030","153572","13353","615198"
"213411:17-1-000:legal_applied:2020","213411","養老町","17-1-000","legal_applied","2020","6552","4521","812261","652468","3680","105588","123680","123680","0","286012","2474","0","89447","0","29306","22291","40018","164632","8254","53","351","11697","0","2407","0","72654","0","5973","328330"
"213616:17-1-000:non_legal_applied:2020","213616","垂井町","17-1-000","non_legal_applied","2020","17180","11656","1685199","1102364","3850","219043","219043","196698","22345","","","","","","","","","","","","","","","","","","","",""
"213624:17-1-000:non_legal_applied:2020","213624","関ケ原町","17-1-000","non_legal_applied","2020","5474","4565","551288","486380","3520","90439","94357","94357","0","","","","","","","","","","","","","","","","","","","",""
"213811:17-1-000:non_legal_applied:2020","213811","神戸町","17-1-000","non_legal_applied","2020","15386","8288","849522","841274","3300","142785","142785","79735","63050","","","","","","","","","","","","","","","","","","","",""
"213837:17-1-000:non_legal_applied:2020","213837","安八町","17-1-000","non_legal_applied","2020","14737","12936","1691563","1479667","3300","260520","260521","135174","125347","","","","","","","","","","","","","","","","","","","",""
"214043:17-1-000:non_legal_applied:2020","214043","池田町","17-1-000","non_legal_applied","2020","15416","8159","1218072","1176911","5016","173244","174847","145665","29182","","","","","","","","","","","","","","","","","","","",""
"214213:17-1-000:non_legal_applied:2020","214213","北方町","17-1-000","non_legal_applied","2020","18484","15767","1839394","1774104","2915","247058","294666","244380","50286","","","","","","","","","","","","","","","","","","","",""
"215015:17-1-000:legal_applied:2020","215015","坂祝町","17-1-000","legal_applied","2020","5705","5449","779542","518513","3190","79930","82034","68256","13778","139485","3129","0","0","1764","19808","17034","14823","71229","433","57","125","1830","0","0","0","3473","43555","1749","154308"
"215031:17-1-000:legal_applied:2020","215031","川辺町","17-1-000","legal_applied","2020","9720","8026","1026968","839060","3190","127942","190451","121293","69158","354782","28905","0","0","1388","25232","17737","69158","240454","5086","0","486","7376","0","0","0","19941","56908","13759","430905"
"215058:17-1-000:legal_applied:2020","215058","八百津町","17-1-000","legal_applied","2020","8162","7177","923193","766315","3190","122133","122133","100507","21626","302846","26447","0","0","701","11870","4028","38839","210366","3103","148","687","423","0","0","0","30000","51699","10419","349712"
"215210:17-1-000:legal_applied:2020","215210","御嵩町","17-1-000","legal_applied","2020","14048","10875","1363819","1165346","3300","188096","181589","139162","42427","489775","18526","0","0","0","23997","12342","88775","348371","551","0","377","2532","46","0","0","25849","92264","5201","576308"
"221007:17-1-000:legal_applied:2020","221007","静岡市","17-1-000","legal_applied","2020","586881","531774","122560702","64212798","2770","9582164","9582922","4394575","5188347","17531384","793627","621353","3777720","387506","585328","990853","2164909","11305698","758440","57774","11272","901122","20969","139270","0","2734879","0","757788","19842974"
"221309:17-1-000:legal_applied:2020","221309","浜松市","17-1-000","legal_applied","2020","577753","564931","79307948","66613339","2948","8768026","8053269","1850635","6202634","14237411","547858","252598","1336590","274212","133310","351581","2042957","10987192","274058","16064","15782","522003","1449","11603","0","1059230","0","1023091","16305010"
"222038:17-1-000:legal_applied:2020","222038","沼津市","17-1-000","legal_applied","2020","109021","97120","22499006","12744461","2600","1671827","2436232","1355429","1080803","3743385","89437","62641","539639","92464","76240","173247","517818","2151318","121132","874","492","51494","7572","26806","0","400827","725820","83936","4261336"
"222054:17-1-000:legal_applied:2020","222054","熱海市","17-1-000","legal_applied","2020","24396","21453","5959781","6117422","3087","1030720","1030720","455505","575215","1357382","16225","25556","315684","0","86047","53138","135725","850857","0","0","975","18302","0","0","0","346471","0","87778","1493246"
"222062:17-1-000:legal_applied:2020","222062","三島市","17-1-000","legal_applied","2020","81531","76144","12081335","9042146","1890","923369","1365972","787723","578249","1874967","92991","28827","276543","0","75949","78283","245918","1069147","49018","1050","1576","20807","281","12788","10286","287614","311521","33771","2122060"
"222071:17-1-000:legal_applied:2020","222071","富士宮市","17-1-000","legal_applied","2020","70756","62590","9776746","7058293","1947","741459","1058744","484652","574092","1687514","50058","2558","344348","0","102394","77113","152678","1164676","44413","0","712","59546","680","7888","0","266346","0","69590","1843642"
"222089:17-1-000:legal_applied:2020","222089","伊東市","17-1-000","legal_applied","2020","22500","18792","5163594","4518223","1925","312901","611882","221909","389973","1216570","5863","110468","310614","22274","36365","39979","164289","730986","52175","15999","704","12126","4118","4032","0","298751","0","82815","1405974"
"222097:17-1-000:legal_applied:2020","222097","島田市","17-1-000","legal_applied","2020","11541","9060","1093559","1104855","2587","140031","445160","253748","191412","582124","24586","0","156960","4469","50588","72154","69581","328891","264","0","236","12743","0","0","0","151378","0","16973","652220"
"222101:17-1-000:legal_applied:2020","222101","富士市","17-1-000","legal_applied","2020","196138","179648","26838645","20527304","2640","2814834","3091865","1578535","1513330","4390226","190757","0","1109220","130272","195551","300857","507224","2730197","180016","5826","3061","77024","2149","86281","3272","783532","0","225615","4905054"
"222119:17-1-000:legal_applied:2020","222119","磐田市","17-1-000","legal_applied","2020","94855","89300","9842266","10262517","2221","1208090","1735890","858777","877113","3705672","96327","186521","651908","57277","83871","66165","327222","2623117","91207","818","4781","116209","23090","22043","0","648619","0","139846","4063117"
"222127:17-1-000:legal_applied:2020","222127","焼津市","17-1-000","legal_applied","2020","29807","26629","4069706","3438070","2260","384782","522391","329252","193139","1655203","50193","7878","230993","0","62867","61869","199341","1169489","32146","2454","795","11956","2428","104","0","230834","0","145047","1856463"
"222135:17-1-000:legal_applied:2020","222135","掛川市","17-1-000","legal_applied","2020","34831","29479","3677189","3590873","2838","525476","708229","441078","267151","1477016","5717","31433","306510","0","77390","57216","235955","1055966","41544","2133","47760","72388","601","0","0","169217","0","50213","1732993"
"222143:17-1-000:legal_applied:2020","222143","藤枝市","17-1-000","legal_applied","2020","60427","55150","8216629","6731797","2310","795711","1009770","472118","537652","1866827","48894","0","329941","0","107063","72088","186119","1379336","0","0","122","45205","180","0","0","316247","0","54971","2054268"
"222151:17-1-000:legal_applied:2020","222151","御殿場市","17-1-000","legal_applied","2020","32863","30235","3421842","2878989","2570","396663","431848","328676","103172","898009","41635","4177","203145","13581","50764","39535","162647","569788","37990","272","1574","25380","984","777","0","169434","0","52730","1061111"
"222160:17-1-000:legal_applied:2020","222160","袋井市","17-1-000","legal_applied","2020","31248","31248","3577142","3089347","2019","321012","463402","354284","109118","1177407","19342","0","273077","6495","59245","54196","180461","817279","22","3148","576","71652","0","0","0","161359","0","69191","1357884"
"222194:17-1-000:legal_applied:2020","222194","下田市","17-1-000","legal_applied","2020","9928","7128","1256328","950496","2420","127843","150539","150539","0","632370","1961","0","132578","0","15847","5708","66021","474159","0","0","804","3867","0","0","0","135007","0","13003","698569"
"222208:17-1-000:legal_applied:2020","222208","裾野市","17-1-000","legal_applied","2020","22290","20333","2022603","1841158","2508","194783","276174","252646","23528","650647","17146","0","0","28517","41083","43514","95844","381015","2804","0","123","1490","0","0","0","26441","164677","31806","747714"
"222216:17-1-000:legal_applied:2020","222216","湖西市","17-1-000","legal_applied","2020","22015","18221","2017265","1932197","2872","275467","313815","282656","31159","978865","2707","0","230264","0","74265","38024","146799","654373","45132","111","723","44734","0","10703","0","151102","0","37015","1128716"
"222224:17-1-000:legal_applied:2020","222224","伊豆市","17-1-000","legal_applied","2020","5839","5400","1514839","1114589","2728","124352","195123","195123","0","354164","20459","0","0","0","17943","11973","8089","161948","4462","35","892","1364","21","0","0","6452","153814","16110","365160"
"222232:17-1-000:legal_applied:2020","222232","御前崎市","17-1-000","legal_applied","2020","6694","6175","749000","734000","1760","65519","110100","85190","24910","320592","6100","0","63895","0","15195","7569","26546","235402","0","0","0","6490","0","0","0","69968","0","1163","347138"
"222241:17-1-000:legal_applied:2020","222241","菊川市","17-1-000","legal_applied","2020","10590","9610","1183075","895897","2640","114666","134385","122184","12201","435916","4302","0","81548","0","33790","22931","59304","280605","11933","0","414","784","0","0","0","64270","0","57523","497764"
"222259:17-1-000:legal_applied:2020","222259","伊豆の国市","17-1-000","legal_applied","2020","26246","24741","5473639","4309668","2310","446691","646450","520751","125699","987549","53198","3312","0","0","51141","31022","42522","453410","32","2989","481","10193","399","0","0","44059","425329","42689","1053125"
"223042:17-1-000:non_legal_applied:2020","223042","南伊豆町","17-1-000","non_legal_applied","2020","2219","1214","338062","295073","2268","38303","77981","77981","0","","","","","","","","","","","","","","","","","","","",""
"223255:17-1-000:legal_applied:2020","223255","函南町","17-1-000","legal_applied","2020","24134","22256","2738908","2426647","2310","262813","363997","272966","91031","705377","15502","0","0","0","30572","17878","55047","457278","0","1947","791","426","0","0","0","20368","202025","29531","785291"
"223417:17-1-000:legal_applied:2020","223417","清水町","17-1-000","legal_applied","2020","22530","20498","2353772","2270982","2550","300155","340647","238939","101708","764599","16481","27878","0","0","90098","26447","95620","468169","4147","4099","656","3261","0","648","0","30439","161973","64931","860390"
"223425:17-1-000:legal_applied:2020","223425","長泉町","17-1-000","legal_applied","2020","33826","33304","3342915","3245692","1650","286862","486854","383727","103127","690911","31043","0","0","26522","18591","17696","51887","328939","2391","6","485","7543","0","0","0","24594","285816","45196","764553"
"223441:17-1-000:non_legal_applied:2020","223441","小山町","17-1-000","non_legal_applied","2020","3870","3632","602576","495812","2200","71022","78772","70816","7956","","","","","","","","","","","","","","","","","","","",""
"224243:17-1-000:legal_applied:2020","224243","吉田町","17-1-000","legal_applied","2020","11101","7998","902066","846178","2002","82733","194164","194164","0","625572","27569","0","99819","0","56281","37274","95327","429231","11816","190","294","9530","458","0","0","107974","0","32915","725009"
"224618:17-1-000:non_legal_applied:2020","224618","森町","17-1-000","non_legal_applied","2020","4786","2931","460151","370970","2200","43797","55645","39140","16505","","","","","","","","","","","","","","","","","","","",""
"231002:17-1-000:legal_applied:2020","231002","名古屋市","17-1-000","legal_applied","2020","2278100","2274200","392604800","257681595","1804","29758853","30282050","14588552","15693498","63530267","5611133","2434982","10945678","1398387","1955280","6380599","5573405","37648224","2756059","619631","356350","1978387","105140","601134","422155","5920164","0","5474237","67835485"
"232017:17-1-000:legal_applied:2020","232017","豊橋市","17-1-000","legal_applied","2020","264873","257877","35685429","27762206","2277","4134896","3577165","1599228","1977937","6359378","317974","265795","994263","74634","345831","460841","553383","4068736","236139","5977","6929","312708","10409","34855","0","865787","221059","160580","6937403"
"232025:17-1-000:legal_applied:2020","232025","岡崎市","17-1-000","legal_applied","2020","338541","323491","36568468","32647487","1998","3807574","4897347","1903411","2993936","7019086","596976","331375","0","186938","176256","302340","1066965","4413703","43347","0","0","233882","0","0","11234","494568","1243716","328334","8138089"
"232033:17-1-000:legal_applied:2020","232033","一宮市","17-1-000","legal_applied","2020","262656","195674","33464531","25191099","2019","2512298","3778665","2155984","1622681","6640658","270548","199981","1219662","133131","197224","487909","1212347","3860835","236128","1808","7745","421098","261","27418","3611","651296","743689","238142","7892287"
"232041:17-1-000:legal_applied:2020","232041","瀬戸市","17-1-000","legal_applied","2020","85056","73983","7980793","7621400","1760","687332","1129766","569215","560551","2356846","70156","0","446509","0","114862","84479","136190","1714286","64459","2999","1319","104966","0","23264","1110","325510","0","41395","2499977"
"232050:17-1-000:legal_applied:2020","232050","半田市","17-1-000","legal_applied","2020","106125","92278","11848743","10231847","2030","1194921","1534788","654163","880625","2953456","61045","115523","0","0","139539","116716","402166","2042070","30500","421","187","68313","0","0","0","108825","558963","42413","3370575"
"232068:17-1-000:legal_applied:2020","232068","春日井市","17-1-000","legal_applied","2020","214490","205232","27690847","22164649","1925","2212141","3324697","1627407","1697290","5985185","140996","81586","1337436","166459","71890","268106","685855","3924657","186935","5218","3255","303342","7206","1220","0","884336","0","412040","6682170"
"232076:17-1-000:legal_applied:2020","232076","豊川市","17-1-000","legal_applied","2020","150436","139532","17554214","15781697","1991","1922008","2158456","1006052","1152404","3397646","88820","1335","0","115357","59509","103626","171749","2267968","4687","162","2027","17200","1116","0","0","117162","809342","39591","3534630"
"232084:17-1-000:legal_applied:2020","232084","津島市","17-1-000","legal_applied","2020","26139","17443","4289479","1847793","2821","265554","277169","179924","97245","642012","9338","0","108185","0","68181","33236","38799","361122","17261","573","410","19592","541","1894","0","100793","94229","20731","689181"
"232092:17-1-000:legal_applied:2020","232092","碧南市","17-1-000","legal_applied","2020","57432","47197","5051807","4789189","1760","536368","718378","523379","194999","2285314","51138","56641","0","0","86099","41247","248404","1699269","0","12568","1294","11385","0","0","0","102488","383752","36852","2537259"
"232106:17-1-000:legal_applied:2020","232106","刈谷市","17-1-000","legal_applied","2020","141927","130061","16698196","13597071","1650","1143635","1604633","860860","743773","3033984","113766","17144","0","0","141921","96153","351020","2050807","6605","56","706","24624","2959","0","0","118791","710346","28416","3390483"
"232114:17-1-000:legal_applied:2020","232114","豊田市","17-1-000","legal_applied","2020","308525","290968","32820019","30529864","1980","3638367","4601068","1699988","2901080","6393631","251652","134916","0","159951","78006","199270","642382","4527641","22894","207","356","48108","0","0","0","227447","1165129","210613","7044047"
"232122:17-1-000:legal_applied:2020","232122","安城市","17-1-000","legal_applied","2020","142265","131657","14533884","14040352","1650","1346746","1923823","800119","1123704","2282768","59366","40139","0","48163","106408","83523","287539","1461764","7564","16","783","31351","0","0","0","105945","565194","27131","2570810"
"232131:17-1-000:legal_applied:2020","232131","西尾市","17-1-000","legal_applied","2020","126001","112411","11617081","10345080","1870","996717","1577062","634954","942108","2601788","163442","40160","0","58694","54349","79334","356325","1863281","13051","0","847","45582","693","0","0","120925","401182","88354","2969574"
"232149:17-1-000:legal_applied:2020","232149","蒲郡市","17-1-000","legal_applied","2020","52654","47602","7544637","6264078","2299","735916","1170924","537147","633777","2013589","125003","35250","309479","0","75948","65432","102613","1414071","46349","302","647","57268","169","0","4258","365102","35803","24267","2116281"
"232157:17-1-000:legal_applied:2020","232157","犬山市","17-1-000","legal_applied","2020","51533","44237","7724858","5125407","1771","525427","775911","412905","363006","1373292","47377","0","0","31152","30836","26499","127018","855869","1670","0","553","0","0","0","12335","70242","381073","32532","1507791"
"232165:17-1-000:legal_applied:2020","232165","常滑市","17-1-000","legal_applied","2020","31010","21493","3047975","2791465","1705","357723","417220","323998","93222","1686815","32382","48762","265714","0","63639","30368","157446","1273505","51066","390","1914","60714","0","0","0","262943","0","53804","1892150"
"232173:17-1-000:legal_applied:2020","232173","江南市","17-1-000","legal_applied","2020","41603","29192","3134260","2864990","1980","309511","516102","317026","199076","907905","21989","0","0","0","77482","47655","153946","562551","0","0","98","1323","0","0","0","21388","221539","53836","1062336"
"232190:17-1-000:legal_applied:2020","232190","小牧市","17-1-000","legal_applied","2020","116256","107597","16734937","13094383","1581","1162035","1964157","1135650","828507","2599806","163837","43062","0","81354","60527","59303","157973","1432511","5650","908","859","85887","1207","0","11782","147603","805975","50475","2760133"
"232203:17-1-000:legal_applied:2020","232203","稲沢市","17-1-000","legal_applied","2020","57381","44510","5111036","4747179","2420","661852","717077","436001","281076","1437188","91157","0","0","0","56182","40728","240343","941477","4308","0","556","9421","0","0","0","37054","345843","57801","1677531"
"232211:17-1-000:legal_applied:2020","232211","新城市","17-1-000","legal_applied","2020","17008","14806","1952118","1857650","2860","310737","312737","144808","167929","464945","7845","0","0","19756","18794","26106","65235","320364","987","0","72","529","13","0","0","6656","98186","12259","530407"
"232220:17-1-000:legal_applied:2020","232220","東海市","17-1-000","legal_applied","2020","99272","92109","9018241","8707859","1920","988657","1310479","774375","536104","4246584","108545","204565","577267","0","116123","50524","305293","3222161","86441","177","1008","247688","0","0","0","585097","0","88708","4587097"
"232238:17-1-000:legal_applied:2020","232238","大府市","17-1-000","legal_applied","2020","78264","73365","8087261","8272323","1650","733523","1240848","476891","763957","1631068","67839","33884","0","0","80206","74661","203887","1066379","2225","4583","1136","6993","0","0","0","77242","340634","62667","1840407"
"232246:17-1-000:legal_applied:2020","232246","知多市","17-1-000","legal_applied","2020","80644","79929","9220063","8085511","2222","888301","866054","680368","185686","1607794","26817","26326","489382","0","65828","62187","70660","908588","86","1480","407","133915","707","0","0","407745","64196","29963","1679934"
"232254:17-1-000:legal_applied:2020","232254","知立市","17-1-000","legal_applied","2020","49472","42993","4531419","4156235","1782","405302","623435","291332","332103","1024207","48401","5100","0","0","24608","7511","122692","708992","2276","179","344","9624","40","0","0","48512","200375","73059","1173604"
"232262:17-1-000:legal_applied:2020","232262","尾張旭市","17-1-000","legal_applied","2020","69291","61827","6427583","6061864","2420","746018","909280","458296","450984","1690369","48528","0","405939","0","83078","77555","138955","1151571","48026","2571","433","36234","1634","40806","0","293131","0","43581","1834497"
"232271:17-1-000:legal_applied:2020","232271","高浜市","17-1-000","legal_applied","2020","32164","25837","3048717","2851543","1760","340859","427731","313168","114563","741409","39932","0","0","14264","26802","24714","123156","428407","0","2254","123","6682","0","0","0","23327","231208","25684","865555"
"232289:17-1-000:legal_applied:2020","232289","岩倉市","17-1-000","legal_applied","2020","32534","28859","3334774","2835117","1650","240445","430756","262381","168375","632102","5910","0","0","0","53609","20614","104878","378919","0","450","91","1544","0","0","0","26000","193664","20955","747115"
"232297:17-1-000:legal_applied:2020","232297","豊明市","17-1-000","legal_applied","2020","51077","49912","5461935","4941784","2145","558986","659091","346830","312261","982357","43474","0","0","0","86629","38075","103161","622837","0","1928","361","12063","0","0","0","73591","229417","4885","1086318"
"232301:17-1-000:legal_applied:2020","232301","日進市","17-1-000","legal_applied","2020","71673","69019","7061453","6638377","2090","757396","921219","578988","342231","1764237","33303","0","381276","45469","121565","84500","143369","1182172","55106","5411","1437","32012","0","32372","0","314432","0","58230","1909041"
"232319:17-1-000:legal_applied:2020","232319","田原市","17-1-000","legal_applied","2020","33090","29985","4293991","3323071","1728","353443","498461","311952","186509","1514502","10961","17328","263463","0","38473","36249","102117","1134475","2496","434","324","1268","0","0","0","280109","0","64832","1622304"
"232327:17-1-000:legal_applied:2020","232327","愛西市","17-1-000","legal_applied","2020","21187","12227","1109072","1003250","3300","160839","176468","176468","0","513627","1530","0","0","11717","54753","39203","97696","338450","0","0","350","1137","0","0","0","9465","107177","19346","612824"
"232335:17-1-000:legal_applied:2020","232335","清須市","17-1-000","legal_applied","2020","21290","15217","1199993","1195325","2860","176620","180004","180004","0","1356008","15735","197643","0","20799","25510","30184","166712","957606","13762","527","437","119192","0","0","0","80767","137723","37192","1544102"
"232343:17-1-000:legal_applied:2020","232343","北名古屋市","17-1-000","legal_applied","2020","43431","33194","3282201","3187093","2200","363616","478064","394554","83510","1103039","3987","16935","0","24097","78047","45919","181250","684591","85","1446","368","1085","141","0","0","40139","291559","42034","1288617"
"232351:17-1-000:legal_applied:2020","232351","弥富市","17-1-000","legal_applied","2020","18036","8602","1011973","901796","3300","160064","179509","160403","19106","357347","10463","0","0","0","28691","11339","79372","218360","97","0","137","565","0","0","0","15924","99833","32508","458135"
"232360:17-1-000:legal_applied:2020","232360","みよし市","17-1-000","legal_applied","2020","48940","45495","6270429","5214408","1980","568852","782161","371603","410558","1102419","49906","18531","0","46653","18232","23740","97883","696599","11831","112","1876","2670","0","0","6130","38388","257144","66807","1203180"
"232378:17-1-000:legal_applied:2020","232378","あま市","17-1-000","legal_applied","2020","29821","19085","7449326","1740900","2640","230544","261135","257270","3865","848662","5258","6827","0","0","87563","53758","140738","557656","865","267","399","4395","0","0","0","21458","191358","19598","990492"
"232386:17-1-000:legal_applied:2020","232386","長久手市","17-1-000","legal_applied","2020","54139","50386","5204264","5338523","2160","649560","801092","503321","297771","1124105","21899","2825","346621","0","131838","44451","108662","613783","57001","1168","709","495","0","37953","0","260007","0","108676","1232905"
"233021:17-1-000:legal_applied:2020","233021","東郷町","17-1-000","legal_applied","2020","36247","34348","3536833","3117222","1980","332522","506267","291020","215247","681431","33979","18014","0","0","88532","45658","78717","390736","2704","95","221","45310","0","0","0","19536","150170","27326","760473"
"233421:17-1-000:non_legal_applied:2020","233421","豊山町","17-1-000","non_legal_applied","2020","11724","6827","754207","731037","2200","103384","109657","100651","9006","","","","","","","","","","","","","","","","","","","",""
"233617:17-1-000:non_legal_applied:2020","233617","大口町","17-1-000","non_legal_applied","2020","23397","19438","3493508","2493405","1929","302938","374011","290871","83140","","","","","","","","","","","","","","","","","","","",""
"233625:17-1-000:legal_applied:2020","233625","扶桑町","17-1-000","legal_applied","2020","16391","11062","1164767","1063060","1929","106333","159584","111381","48203","318598","15276","0","0","0","19429","3714","38014","202434","703","0","367","0","0","0","1710","25406","81459","3632","357439"
"234249:17-1-000:legal_applied:2020","234249","大治町","17-1-000","legal_applied","2020","6995","3607","402828","364316","2420","48676","108545","108545","0","225970","3627","0","0","0","62851","28994","36986","118211","0","0","53","45","0","0","0","25892","41281","12280","263742"
"234257:17-1-000:legal_applied:2020","234257","蟹江町","17-1-000","legal_applied","2020","22065","15199","1540923","1392588","2860","202719","217635","217635","0","407440","7000","0","0","0","50782","31992","61941","198634","0","18","389","123","0","0","0","18677","151024","15412","478210"
"234419:17-1-000:legal_applied:2020","234419","阿久比町","17-1-000","legal_applied","2020","24527","21480","2198631","1923712","1870","197276","323467","153630","169837","424055","11797","0","0","0","28409","13472","66606","267560","0","102","64","3662","0","0","0","16249","113416","9538","490669"
"234427:17-1-000:legal_applied:2020","234427","東浦町","17-1-000","legal_applied","2020","43526","37250","3795498","3527201","1760","323966","542366","263474","278892","1138808","29963","29521","0","0","48379","45180","135011","847946","4498","655","905","14651","0","0","0","29578","182378","16076","1276878"
"234478:17-1-000:legal_applied:2020","234478","武豊町","17-1-000","legal_applied","2020","35321","31038","3091568","3142232","1870","322393","473196","220641","252555","814329","31146","18855","0","0","58905","28923","122333","551474","5446","243","953","10067","0","0","0","57822","150924","10612","938797"
"235016:17-1-000:legal_applied:2020","235016","幸田町","17-1-000","legal_applied","2020","30826","29187","2881690","2865837","1870","261484","429876","147016","282860","583029","30192","0","0","0","41834","17826","51793","394309","0","1879","197","715","0","0","0","35653","82085","50365","634822"
"242012:17-1-000:legal_applied:2020","242012","津市","17-1-000","legal_applied","2020","119754","102581","15994696","12117868","2519","1814461","1991709","1756667","235042","6987221","181576","139209","401149","85995","166205","236002","845911","4903372","102092","6771","6218","61477","2104","0","0","492780","950091","397224","8004042"
"242021:17-1-000:legal_applied:2020","242021","四日市市","17-1-000","legal_applied","2020","246923","230853","31463175","25522280","3520","4786238","4786238","1949731","2836507","11665645","584873","797263","620224","186985","255079","390759","1247487","8294751","304586","43614","10972","355489","782","34010","0","887191","709114","981717","13260472"
"242039:17-1-000:legal_applied:2020","242039","伊勢市","17-1-000","legal_applied","2020","66620","54273","6016788","6119516","2530","901300","918240","843000","75240","2647946","66486","110128","0","83357","124138","184526","468932","1626064","0","0","5211","15850","1206","0","1800","156889","544713","132870","3138061"
"242047:17-1-000:legal_applied:2020","242047","松阪市","17-1-000","legal_applied","2020","95447","75929","8388616","8296129","3113","1439003","1442846","1177150","265696","3384980","111144","0","0","52149","86193","134097","686020","2335545","8492","844","3767","27805","0","0","0","48584","763364","224883","4233401"
"242055:17-1-000:legal_applied:2020","242055","桑名市","17-1-000","legal_applied","2020","110084","104586","12813830","10975387","3496","2156851","1877065","955693","921372","4078811","84953","289145","104978","86803","116357","109091","465036","2849042","63336","2285","6891","50678","27","0","0","337724","545581","121335","4551026"
"242071:17-1-000:legal_applied:2020","242071","鈴鹿市","17-1-000","legal_applied","2020","118104","102906","11229653","10766335","3025","1822043","2044091","1029356","1014735","3529001","37865","78640","0","77330","167856","151913","625616","2454640","12258","1666","1994","25254","1001","0","0","76880","671236","222967","4245425"
"242080:17-1-000:legal_applied:2020","242080","名張市","17-1-000","legal_applied","2020","44900","43440","5265352","4650305","3344","801850","801850","682207","119643","1979247","69475","0","520525","51201","40557","71126","140996","1296591","84882","2737","898","10863","4151","14060","1069","298706","0","194164","2120243"
"242101:17-1-000:legal_applied:2020","242101","亀山市","17-1-000","legal_applied","2020","29824","22962","3686444","3055380","2470","449717","458307","357436","100871","831015","55275","7047","0","27629","54345","44936","122569","463869","11160","11","2473","13776","0","0","0","58103","222303","14404","953604"
"242144:17-1-000:legal_applied:2020","242144","いなべ市","17-1-000","legal_applied","2020","25351","24696","3368224","2508275","2090","282258","376241","245900","130341","690630","39914","0","0","0","43725","19120","103725","444079","6830","4","2995","13630","74","0","0","16539","162912","30947","800855"
"242161:17-1-000:legal_applied:2020","242161","伊賀市","17-1-000","legal_applied","2020","4827","4827","727109","727109","2640","95989","99619","94506","5113","226067","957","0","68569","3182","31903","7822","244","121446","10434","151","881","3826","0","2340","458","77769","0","2339","227710"
"243035:17-1-000:non_legal_applied:2020","243035","木曽岬町","17-1-000","non_legal_applied","2020","3440","3421","421323","394723","2002","44141","89043","89043","0","","","","","","","","","","","","","","","","","","","",""
"243248:17-1-000:non_legal_applied:2020","243248","東員町","17-1-000","non_legal_applied","2020","17475","17398","2467954","2179259","1760","268287","374873","175521","199352","","","","","","","","","","","","","","","","","","","",""
"243418:17-1-000:legal_applied:2020","243418","菰野町","17-1-000","legal_applied","2020","15594","15554","1664521","1689869","3088","254388","216360","131968","84392","389622","7492","0","0","9101","36852","32472","54700","212760","152","0","165","2442","46","0","0","14043","86555","7803","411138"
"243434:17-1-000:non_legal_applied:2020","243434","朝日町","17-1-000","non_legal_applied","2020","10924","10733","1237171","1075801","2210","146103","161541","93657","67884","","","","","","","","","","","","","","","","","","","",""
"243442:17-1-000:non_legal_applied:2020","243442","川越町","17-1-000","non_legal_applied","2020","15217","14572","1842183","1631650","1430","138685","244748","171290","73458","","","","","","","","","","","","","","","","","","","",""
"244422:17-1-000:non_legal_applied:2020","244422","明和町","17-1-000","non_legal_applied","2020","4619","3955","419066","419066","3300","56973","62860","54543","8317","","","","","","","","","","","","","","","","","","","",""
"244619:17-1-000:legal_applied:2020","244619","玉城町","17-1-000","legal_applied","2020","13703","10551","1322434","1266900","1640","121241","190035","124825","65210","383109","14125","0","156","0","6124","0","85981","256486","2663","14","1358","1726","0","0","0","7552","106218","7614","469612"
"252018:17-1-000:legal_applied:2020","252018","大津市","17-1-000","legal_applied","2020","333478","327279","46046257","36718180","2931","6472742","4676111","2713184","1962927","7703068","169431","99025","570609","351964","237737","425021","716879","4606072","135341","22403","23256","82311","4432","0","0","576622","1600332","240935","8433604"
"252026:17-1-000:legal_applied:2020","252026","彦根市","17-1-000","legal_applied","2020","88642","80823","10802955","8962497","2894","1344891","1323577","785954","537623","2656940","70181","0","0","75644","40992","59959","460277","1835172","0","2278","846","10454","269","0","0","115302","605864","31042","3121463"
"252034:17-1-000:legal_applied:2020","252034","長浜市","17-1-000","legal_applied","2020","62700","60028","9062112","7540647","2836","1161003","1162503","659875","502628","1972564","59218","18173","0","0","75578","69881","285179","1304759","7895","24","1058","6692","644","0","0","59035","514836","24545","2274548"
"252042:17-1-000:legal_applied:2020","252042","近江八幡市","17-1-000","legal_applied","2020","61021","55413","6624111","5838521","2855","859707","879002","371757","507245","1427661","45172","0","0","32265","17512","28916","211788","1045273","0","5980","1641","1686","119","0","0","55687","284156","8685","1643931"
"252069:17-1-000:legal_applied:2020","252069","草津市","17-1-000","legal_applied","2020","112792","111302","16178893","13489726","2530","1538916","1510009","981318","528691","2311136","174255","0","0","0","82133","89978","214328","1309868","0","0","4206","20545","1375","0","12408","110954","724172","64474","2552308"
"252077:17-1-000:legal_applied:2020","252077","守山市","17-1-000","legal_applied","2020","74420","73016","10746484","8909847","2640","1337471","1326282","558775","767507","1657611","35903","53365","0","0","44590","26555","199027","1049571","7537","11687","2391","17277","591","0","1606","56855","463600","16212","1852909"
"252085:17-1-000:legal_applied:2020","252085","栗東市","17-1-000","legal_applied","2020","69567","68781","10333374","8679771","2510","1037110","1157643","514337","643306","1305144","27976","0","0","0","33618","21406","208934","784768","0","1277","537","1700","395","0","2273","27324","448318","32209","1529141"
"252093:17-1-000:legal_applied:2020","252093","甲賀市","17-1-000","legal_applied","2020","36580","31898","6559852","5681724","2824","879685","853818","394837","458981","1584708","45457","25380","56795","33152","41505","63568","242323","1124519","19597","1023","3476","9134","479","3857","0","75555","257644","30405","1831580"
"252107:17-1-000:legal_applied:2020","252107","野洲市","17-1-000","legal_applied","2020","40079","39692","5898562","5114516","2921","836402","806177","346364","459813","1023209","33985","6916","1170","0","45956","27292","88321","673492","5194","29","1399","8070","116","0","0","21875","260850","29294","1115932"
"252115:17-1-000:legal_applied:2020","252115","湖南市","17-1-000","legal_applied","2020","53139","50364","6829467","5755545","2478","851422","1203254","387774","815480","1339968","42024","22147","0","0","46249","17523","225346","933978","12410","3029","1635","6722","6124","0","0","51767","294591","15848","1568973"
"252123:17-1-000:legal_applied:2020","252123","高島市","17-1-000","legal_applied","2020","22530","19034","2606392","2281579","3300","367588","399122","298021","101101","864704","30176","0","0","0","33023","18869","129118","559547","5952","0","2632","1944","0","0","2466","26302","241958","9367","998155"
"252131:17-1-000:legal_applied:2020","252131","東近江市","17-1-000","legal_applied","2020","60270","54799","7706599","6850259","2910","1053343","1063915","479280","584635","1419254","78820","0","0","91602","0","46050","201203","926338","10755","315","4016","18476","1758","0","0","41137","320329","51508","1621885"
"252140:17-1-000:legal_applied:2020","252140","米原市","17-1-000","legal_applied","2020","18435","17452","2481229","1957032","2827","286695","325875","195115","130760","791655","17993","7175","0","0","36014","13865","145096","589358","1993","3334","1256","9247","172","0","0","24378","139839","8233","936771"
"253839:17-1-000:legal_applied:2020","253839","日野町","17-1-000","legal_applied","2020","8513","7894","861247","761010","2900","113109","125064","65354","59710","255116","5964","0","0","0","23350","12179","59327","188672","2163","0","486","1833","2","0","0","1431","37130","12395","315618"
"254436:17-1-000:legal_applied:2020","254436","多賀町","17-1-000","legal_applied","2020","5007","4834","1139802","937194","2750","158696","167541","98400","69141","249107","22512","4282","0","0","7707","5829","32935","148334","1140","51","454","347","0","0","0","25740","66272","2008","283110"
"261009:17-1-000:legal_applied:2020","261009","京都市","17-1-000","legal_applied","2020","1385500","1376895","298540606","171703010","2013","20140530","18081915","8366091","9715824","40613012","1532213","687320","6322536","1224412","980861","3483162","3591081","26077770","1113386","29144","37413","867494","181552","189092","15430","4686177","1676685","2629747","44578133"
"262013:17-1-000:legal_applied:2020","262013","福知山市","17-1-000","legal_applied","2020","59238","58719","17954766","11620301","2662","1627483","1394521","668369","726152","2481194","110780","138854","537514","69652","78108","66158","202540","1541990","149109","9756","6297","141317","0","0","502","439495","0","152889","2710053"
"262021:17-1-000:legal_applied:2020","262021","舞鶴市","17-1-000","legal_applied","2020","72439","66951","9828911","7596592","3064","1125730","1167656","719589","448067","2560913","83398","29619","524098","58107","55947","121239","290323","1795496","93226","997","3567","64981","191","23079","0","393429","0","94568","2881096"
"262030:17-1-000:legal_applied:2020","262030","綾部市","17-1-000","legal_applied","2020","16455","13958","1603272","1552332","2750","268190","301479","301479","0","827956","18014","0","229168","0","42664","49714","151853","533533","17627","5178","910","2805","0","0","0","199768","0","30049","991437"
"262048:17-1-000:legal_applied:2020","262048","宇治市","17-1-000","legal_applied","2020","176890","156416","19951673","16829937","3082","2731309","3019523","1349495","1670028","4631304","104451","29865","335401","13984","370710","211238","647690","3127268","57186","1035","1007","28692","0","12822","0","304944","609750","290158","5291790"
"262056:17-1-000:legal_applied:2020","262056","宮津市","17-1-000","legal_applied","2020","12395","10499","1295258","1279313","3141","239582","327344","306527","20817","735560","12713","11144","0","0","23904","21306","118296","438164","1966","149","856","1813","0","0","1554","16494","248335","14054","862987"
"262064:17-1-000:legal_applied:2020","262064","亀岡市","17-1-000","legal_applied","2020","74093","71565","8994670","7850326","2970","1520051","1519107","745271","773836","1896576","80453","14075","461315","0","169707","182962","231016","1150096","69272","895","1911","58009","3072","2376","0","393087","0","38894","2131590"
"262072:17-1-000:legal_applied:2020","262072","城陽市","17-1-000","legal_applied","2020","75146","71012","8738227","8343461","2860","1175656","1247681","549140","698541","1426309","18709","161","0","41275","72854","57736","296275","860143","161","517","229","138","52","0","0","55119","430209","22084","1722663"
"262081:17-1-000:legal_applied:2020","262081","向日市","17-1-000","legal_applied","2020","57257","56772","6986579","5644318","2266","668332","735133","369085","366048","1277202","56545","0","0","33222","25688","46226","189591","842878","2970","0","962","1385","344","0","0","7903","312059","65646","1469964"
"262099:17-1-000:legal_applied:2020","262099","長岡京市","17-1-000","legal_applied","2020","80950","80338","11221167","9421669","2216","1163483","1419602","639778","779824","2550203","48313","47884","0","63149","63790","86797","293210","1831973","4787","37","566","31295","528","0","0","85034","489885","25934","2850046"
"262102:17-1-000:legal_applied:2020","262102","八幡市","17-1-000","legal_applied","2020","70169","69499","9098701","8294018","2530","1034624","1024445","566432","458013","1469073","73087","0","0","22990","92692","58530","88205","842416","424","475","536","35825","248","0","0","77964","426410","26383","1557416"
"262111:17-1-000:legal_applied:2020","262111","京田辺市","17-1-000","legal_applied","2020","69557","67442","9937752","8807256","1381","733766","935172","596353","338819","1465481","39268","0","362","0","95847","48961","155671","851149","0","1080","372","5151","377","0","0","67484","478624","14065","1622934"
"262129:17-1-000:legal_applied:2020","262129","京丹後市","17-1-000","legal_applied","2020","20523","12122","1391861","1404741","3196","205411","296600","190395","106205","872866","24517","9643","132357","6183","12277","28334","197476","620055","23451","823","1030","3147","0","6760","0","108096","0","81310","1070482"
"262137:17-1-000:legal_applied:2020","262137","南丹市","17-1-000","legal_applied","2020","16907","15586","2083025","1952587","3520","358672","383224","253344","129880","1255253","13881","11456","180394","0","84726","56105","193129","964722","33388","324","2172","3167","25","3038","465","23676","0","174142","1454353"
"262145:17-1-000:legal_applied:2020","262145","木津川市","17-1-000","legal_applied","2020","74029","69869","7166107","7056321","2530","882488","1058449","794179","264270","2162167","15508","0","96166","49756","76510","63434","150450","1338214","10451","3697","891","6565","0","0","0","137766","585563","15959","2312990"
"263036:17-1-000:non_legal_applied:2020","263036","大山崎町","17-1-000","non_legal_applied","2020","16334","16235","2451071","2087871","1540","197146","252962","173658","79304","","","","","","","","","","","","","","","","","","","",""
"263222:17-1-000:legal_applied:2020","263222","久御山町","17-1-000","legal_applied","2020","15699","14616","3050185","4138712","1944","515648","525905","249985","275920","612438","33139","0","0","0","50425","23477","52625","355000","2638","344","433","8500","902","0","0","18395","164054","39307","665675"
"263435:17-1-000:non_legal_applied:2020","263435","井手町","17-1-000","non_legal_applied","2020","7220","6399","1375853","1192663","2029","162887","286163","110049","176114","","","","","","","","","","","","","","","","","","","",""
"263443:17-1-000:legal_applied:2020","263443","宇治田原町","17-1-000","legal_applied","2020","7943","6314","672479","662537","2566","84044","214089","108218","105871","415719","3268","0","75176","0","28455","20822","46545","291530","0","0","22","4474","20","0","0","77358","0","5522","446293"
"263664:17-1-000:legal_applied:2020","263664","精華町","17-1-000","legal_applied","2020","36711","35530","3600521","3845948","3025","583506","588152","445079","143073","1543895","55772","21121","0","0","43493","40225","155027","1044258","0","2996","571","9347","75","0","0","66596","372035","10697","1701827"
"264652:17-1-000:non_legal_applied:2020","264652","与謝野町","17-1-000","non_legal_applied","2020","5408","4825","634908","610199","2954","104979","151919","151128","791","","","","","","","","","","","","","","","","","","","",""
"271004:17-1-000:legal_applied:2020","271004","大阪市","17-1-000","legal_applied","2020","2740445","2740417","536326255","393743957","1276","31829733","35884380","21580348","14304032","68953960","3850103","1948824","16210537","0","3938838","2068210","4667838","41959762","4179240","174661","124627","4873300","36816","932220","272145","12793815","462064","1833804","74378502"
"271403:17-1-000:legal_applied:2020","271403","堺市","17-1-000","legal_applied","2020","817253","782156","100202653","83325934","2821","14433863","12420701","4758204","7662497","22074309","1310942","547862","2810405","524095","549552","1607978","3852755","14824466","506898","4361","11306","458866","106600","51532","1029","2425686","787353","1159214","25798044"
"272027:17-1-000:legal_applied:2020","272027","岸和田市","17-1-000","legal_applied","2020","184435","171322","26239837","19795379","2871","3455705","2536767","1073118","1463649","5355062","232277","170887","185252","138674","121045","261535","758072","3786536","42142","127","3344","156565","10804","0","0","367273","607118","90133","6083649"
"272035:17-1-000:legal_applied:2020","272035","豊中市","17-1-000","legal_applied","2020","408712","408157","66314030","44688775","1421","3680081","3789198","2325986","1463212","11258398","454736","292551","1000654","297954","353325","678995","406949","4270637","118005","12598","1485","257670","414","27666","0","1177452","719807","330676","8002354"
"272043:17-1-000:legal_applied:2020","272043","池田市","17-1-000","legal_applied","2020","100183","100125","17676978","11225369","1353","990781","929542","640449","289093","2370440","172368","0","541668","44049","88736","187265","122904","1446744","99319","2724","922","57160","1013","31721","0","313452","69931","180385","2513540"
"272051:17-1-000:legal_applied:2020","272051","吹田市","17-1-000","legal_applied","2020","376579","375016","55769033","43365080","1609","4536728","3638332","2269063","1369269","7148580","359847","94793","1183257","231450","420512","672151","629273","3927833","159848","30384","4245","60982","33438","22345","4317","1068879","894631","357194","7865520"
"272060:17-1-000:legal_applied:2020","272060","泉大津市","17-1-000","legal_applied","2020","71734","64679","8666775","6996971","2877","1034836","893492","410324","483168","1982278","34542","135861","0","46957","58751","62024","392783","1396398","9926","1771","814","8948","13","120","0","174325","286066","51892","2385080"
"272078:17-1-000:legal_applied:2020","272078","高槻市","17-1-000","legal_applied","2020","349126","342311","46625051","36096000","1965","4487612","4636661","2055553","2581108","7581138","112997","178749","0","274494","76726","125045","759098","5111388","16408","395","6823","2206","2578","0","27667","444086","1807680","184755","8488129"
"272086:17-1-000:legal_applied:2020","272086","貝塚市","17-1-000","legal_applied","2020","54926","47760","7258385","6376826","2110","860854","899614","415510","484104","2018078","47761","77077","0","43535","29671","66171","278479","1506463","4593","1408","660","14886","172","0","0","114135","302892","17764","2307623"
"272094:17-1-000:legal_applied:2020","272094","守口市","17-1-000","legal_applied","2020","143497","143487","26368017","15982366","2055","2071402","1505016","1033741","471275","3352703","266621","379307","286564","0","208449","185526","200405","1797138","77867","9088","2620","881","3407","5682","0","505733","399151","395662","3583160"
"272108:17-1-000:legal_applied:2020","272108","枚方市","17-1-000","legal_applied","2020","387422","377089","46495549","39890606","2618","5930134","5983591","2064102","3919489","9326605","676187","226094","0","119786","201217","596625","1032688","6358619","36086","19608","19229","81045","15087","0","15621","481034","1603607","217101","10476350"
"272116:17-1-000:legal_applied:2020","272116","茨木市","17-1-000","legal_applied","2020","280895","278146","43334231","30543792","2035","3523898","2890074","1677156","1212918","5157760","164041","216032","0","129156","78303","116923","476798","3144427","15354","4502","1317","87990","0","0","0","193609","1381548","249678","5672146"
"272124:17-1-000:legal_applied:2020","272124","八尾市","17-1-000","legal_applied","2020","238540","219880","47937248","27366328","2563","4003958","3584718","1642634","1942084","7601969","285792","0","0","145480","107169","209054","1400975","5685448","0","1995","914","122297","1489","0","0","221897","1287538","131032","9062639"
"272132:17-1-000:legal_applied:2020","272132","泉佐野市","17-1-000","legal_applied","2020","41199","37492","8454567","7465794","2530","1487928","1282768","759658","523110","3244192","66382","178453","0","0","101643","44913","425380","2432397","14421","455","1419","33089","0","0","0","222677","436104","84925","3695780"
"272141:17-1-000:legal_applied:2020","272141","富田林市","17-1-000","legal_applied","2020","102622","96621","11064619","10118930","2382","1358451","1193206","787879","405327","2522642","185771","3584","0","67045","44880","74281","267401","1683226","3584","296","1146","73423","3257","0","0","135246","524438","31525","2797823"
"272159:17-1-000:legal_applied:2020","272159","寝屋川市","17-1-000","legal_applied","2020","229020","225814","35593760","23482917","2406","3176580","3106065","1151134","1954931","4350191","76151","37471","0","88393","40809","65245","704835","2860137","2905","162","925","6530","2116","0","0","66130","1235038","229974","5173997"
"272167:17-1-000:legal_applied:2020","272167","河内長野市","17-1-000","legal_applied","2020","95946","92105","10631354","9319733","2796","1376981","915313","595794","319519","2411556","145049","0","0","48865","28246","55382","340848","1746701","9695","60","4527","6885","6555","0","0","108405","425205","54253","2758516"
"272175:17-1-000:legal_applied:2020","272175","松原市","17-1-000","legal_applied","2020","116510","107530","11005003","9977985","2868","1532396","1686313","468316","1217997","3100355","108459","44476","0","5951","20252","46294","621341","2460108","1262","1112","471","8340","536","0","0","126572","427432","45594","3739062"
"272183:17-1-000:legal_applied:2020","272183","大東市","17-1-000","legal_applied","2020","117949","115050","19723674","12448201","1970","1468613","1344418","647837","696581","2956666","85003","0","0","71475","75196","121363","444846","2003291","0","21","188","9193","4334","0","0","17687","720549","107688","3429160"
"272191:17-1-000:legal_applied:2020","272191","和泉市","17-1-000","legal_applied","2020","163473","148036","19370564","16254606","2530","2212747","1773998","783223","990775","3181870","110540","0","0","73797","198978","98584","382596","2322282","0","361","355","56242","7834","0","0","99788","455359","155761","3579162"
"272205:17-1-000:legal_applied:2020","272205","箕面市","17-1-000","legal_applied","2020","138773","138727","20019653","14539165","1863","1403655","1335680","760473","575207","2225999","107839","72326","1841","63874","81941","93596","66379","1397772","10349","906","606","20295","1803","0","0","70127","484090","154632","2300555"
"272213:17-1-000:legal_applied:2020","272213","柏原市","17-1-000","legal_applied","2020","59072","54370","8973835","6356303","2805","1060956","1045902","358760","687142","1760943","37598","82178","0","29418","36330","85797","262393","1242645","6199","2856","1256","5063","1468","0","3175","61491","318106","43687","2034136"
"272221:17-1-000:legal_applied:2020","272221","羽曳野市","17-1-000","legal_applied","2020","93859","82126","9461988","8763794","2230","1136363","1318589","528747","789842","2471332","86152","75881","0","86243","25090","102080","469316","1802388","5202","2104","3308","41130","1871","0","0","119864","375255","24224","2946742"
"272230:17-1-000:legal_applied:2020","272230","門真市","17-1-000","legal_applied","2020","115250","114789","18580178","12257822","2420","1300980","1495863","744795","751068","2992693","51148","0","17527","90866","65109","120704","585893","1944700","0","0","174","3442","61","0","0","48071","787995","116435","3607475"
"272248:17-1-000:legal_applied:2020","272248","摂津市","17-1-000","legal_applied","2020","86067","82639","16302337","11291346","2299","1747210","1730590","682576","1048014","2939699","103965","0","0","39970","58883","80674","402687","2090203","0","2138","246","29003","10269","0","0","58902","637328","36135","3347585"
"272256:17-1-000:legal_applied:2020","272256","高石市","17-1-000","legal_applied","2020","52579","49829","6454879","5208600","2755","773379","760815","396415","364400","1827880","14192","161142","0","32061","373907","37646","225732","1103142","18402","2733","184","34064","64","0","0","130047","142666","370021","2064701"
"272264:17-1-000:legal_applied:2020","272264","藤井寺市","17-1-000","legal_applied","2020","52222","47176","5272842","4876764","2857","688370","741715","368702","373013","1722833","35201","61985","0","42052","14405","63913","272308","1277319","3551","217","1116","6762","189","0","0","81865","274128","20571","2001939"
"272272:17-1-000:legal_applied:2020","272272","東大阪市","17-1-000","legal_applied","2020","479528","468706","91637314","51660054","2087","6330291","5277442","2834742","2442700","13444592","588804","305083","0","439790","174413","490229","2150412","8091746","17253","640","1389","176220","9971","0","3","1689920","1913233","1083617","15624633"
"272281:17-1-000:legal_applied:2020","272281","泉南市","17-1-000","legal_applied","2020","35175","33649","4446797","3773786","2830","670283","478945","270048","208897","1623951","19818","82092","0","26062","58101","66855","175867","1218999","3581","514","533","6633","532","0","0","87705","217946","30532","1809697"
"272299:17-1-000:legal_applied:2020","272299","四條畷市","17-1-000","legal_applied","2020","54258","53771","7781290","5367494","2206","688703","514772","320292","194480","1444836","34916","0","57795","39737","30538","36563","191364","978698","14877","219","95","7792","430","2372","0","87820","295879","33567","1649676"
"272302:17-1-000:legal_applied:2020","272302","交野市","17-1-000","legal_applied","2020","74336","73184","7699545","6949340","2607","915776","805275","379470","425805","1109457","59057","0","0","0","82813","48737","90076","671542","0","1932","444","2023","3613","0","0","68917","263297","62812","1213393"
"272311:17-1-000:legal_applied:2020","272311","大阪狭山市","17-1-000","legal_applied","2020","58484","56817","7104160","6229930","2222","791920","856186","466268","389918","1408498","55215","32172","0","63764","50895","25952","107172","914326","7182","2531","327","3826","1544","0","2934","108088","292126","56335","1522343"
"272329:17-1-000:legal_applied:2020","272329","阪南市","17-1-000","legal_applied","2020","28040","24331","2878155","2439936","2876","356990","434852","279041","155811","928725","32502","867","0","27973","46544","49536","111214","628185","0","2105","404","5347","42","0","0","43642","192654","11216","1044345"
"273015:17-1-000:legal_applied:2020","273015","島本町","17-1-000","legal_applied","2020","30421","30110","3499143","3499143","2024","414772","482571","184776","297795","710992","4159","19073","0","12586","26240","7622","87309","476553","2593","718","345","1616","0","0","0","42303","171692","9417","800168"
"273210:17-1-000:non_legal_applied:2020","273210","豊能町","17-1-000","non_legal_applied","2020","17087","17087","2089300","1571018","2530","243226","209936","111712","98224","","","","","","","","","","","","","","","","","","","",""
"273228:17-1-000:non_legal_applied:2020","273228","能勢町","17-1-000","non_legal_applied","2020","1408","1351","153380","122851","2313","17412","76288","38445","37843","","","","","","","","","","","","","","","","","","","",""
"273414:17-1-000:legal_applied:2020","273414","忠岡町","17-1-000","legal_applied","2020","16422","14859","2585568","2085062","2535","302062","302924","52037","250887","778896","17217","46351","0","0","24436","23461","109544","645591","2335","1066","46","345","0","0","0","52405","44961","8690","888444"
"273619:17-1-000:legal_applied:2020","273619","熊取町","17-1-000","legal_applied","2020","35662","33867","3977747","3513267","2530","488560","383103","275087","108016","946441","58049","0","0","0","89836","72952","96316","645915","1854","11","1274","3403","206","0","0","55788","130741","40784","1049244"
"273627:17-1-000:non_legal_applied:2020","273627","田尻町","17-1-000","non_legal_applied","2020","8075","7149","994437","878333","1830","116954","131750","81167","50583","","","","","","","","","","","","","","","","","","","",""
"273660:17-1-000:non_legal_applied:2020","273660","岬町","17-1-000","non_legal_applied","2020","11988","9746","1115522","968868","1990","109754","145330","84339","60991","","","","","","","","","","","","","","","","","","","",""
"273813:17-1-000:legal_applied:2020","273813","太子町","17-1-000","legal_applied","2020","12315","11061","1091390","1035464","2570","135215","159669","103307","56362","285193","16700","0","0","0","31381","17865","34907","191251","908","0","412","913","106","0","0","16586","45435","14655","323038"
"273821:17-1-000:legal_applied:2020","273821","河南町","17-1-000","legal_applied","2020","12518","11933","1314068","1245685","1826","124035","186853","88592","98261","353006","10236","0","0","10218","10400","7246","36751","260993","0","1157","373","2978","153","0","0","15548","58127","6834","390160"
"273830:17-1-000:non_legal_applied:2020","273830","千早赤阪村","17-1-000","non_legal_applied","2020","3946","3379","355612","338073","2442","47607","163425","90774","72651","","","","","","","","","","","","","","","","","","","",""
"278289:17-1-000:non_legal_applied:2020","278289","泉北環境整備施設組合","17-1-000","non_legal_applied","2020","0","0","0","0","0","0","0","0","0","","","","","","","","","","","","","","","","","","","",""
"281000:17-1-000:legal_applied:2020","281000","神戸市","17-1-000","legal_applied","2020","1486758","1485239","179457254","168161803","1760","18626581","18760989","7779913","10981076","29822566","726970","483657","4756244","1726660","114928","2323947","2018635","21270832","899184","125245","15423","343257","1040","333097","0","2435914","682250","1467504","31916328"
"282014:17-1-000:legal_applied:2020","282014","姫路市","17-1-000","legal_applied","2020","482309","472376","75051616","51474237","2629","8430960","11375316","4110756","7264560","14474326","565866","130203","3384439","260113","173067","489629","1792242","9140952","404129","7838","10052","420752","303","115950","0","2937356","744000","289387","16352590"
"282022:17-1-000:legal_applied:2020","282022","尼崎市","17-1-000","legal_applied","2020","461949","460265","75820139","54657818","1714","4739040","4172361","2811716","1360645","10349260","234649","746107","1347009","279971","226035","559439","472393","6255592","140519","10712","6069","253013","17581","6897","230","946390","964145","1273562","10906542"
"282031:17-1-000:legal_applied:2020","282031","明石市","17-1-000","legal_applied","2020","303123","299472","38154779","31864201","2197","4626278","3707681","1904653","1803028","6620503","234115","75484","1563936","164286","116780","458041","826998","4364259","393050","6209","2747","555987","15771","101963","5980","483355","0","261790","7476150"
"282049:17-1-000:legal_applied:2020","282049","西宮市","17-1-000","legal_applied","2020","483379","482396","60433510","53823448","1777","5312877","5053586","2741611","2311975","10064141","226258","415420","1727353","263418","282365","549135","922576","6408415","369389","16672","9005","145278","13304","28082","313","1438484","472293","694742","11067688"
"282057:17-1-000:legal_applied:2020","282057","洲本市","17-1-000","legal_applied","2020","10392","8474","1164018","953160","2530","147372","139591","104882","34709","795091","3679","54502","94370","9249","20534","27813","160358","612757","19969","617","1136","8775","629","7060","0","110505","0","12259","961878"
"282065:17-1-000:legal_applied:2020","282065","芦屋市","17-1-000","legal_applied","2020","95277","95277","17003896","10768958","1485","830180","876006","587147","288859","2434388","171380","60941","562407","0","94949","132896","162248","1503481","90886","793","1014","27515","5366","7612","9583","276496","0","433258","2651148"
"282073:17-1-000:legal_applied:2020","282073","伊丹市","17-1-000","legal_applied","2020","203160","202504","33062960","24841148","1727","2300946","1902479","847543","1054936","3565443","224879","48062","0","109717","58495","147845","483186","2337143","8217","9365","4366","35839","0","0","0","95206","722858","229754","4073779"
"282081:17-1-000:legal_applied:2020","282081","相生市","17-1-000","legal_applied","2020","24381","23857","2870900","2489784","2922","397075","398728","311364","87364","1189881","20184","17583","249280","0","42256","17240","197149","860578","4124","212","682","4707","0","0","0","299225","0","3113","1387030"
"282090:17-1-000:legal_applied:2020","282090","豊岡市","17-1-000","legal_applied","2020","49542","47155","7412968","5713359","3410","1018115","797194","543715","253479","2164789","56525","18301","378475","0","68844","47574","322624","1636047","85112","2006","7456","55902","75","19886","527","251046","0","112473","2540728"
"282103:17-1-000:legal_applied:2020","282103","加古川市","17-1-000","legal_applied","2020","232317","225032","26762098","23038305","2530","3532719","3010288","1337337","1672951","5193662","188063","201892","0","144188","114336","139066","753911","3584054","0","0","868","68196","459","0","0","282328","942167","202022","5973071"
"282120:17-1-000:legal_applied:2020","282120","赤穂市","17-1-000","legal_applied","2020","34887","34520","4982315","4140608","2453","580569","661403","307212","354191","1405513","4259","82539","201487","0","49379","38427","81775","1036606","75717","3119","2373","3479","108","13660","0","204568","0","32421","1492253"
"282138:17-1-000:legal_applied:2020","282138","西脇市","17-1-000","legal_applied","2020","24763","22670","2373242","2230898","3630","432472","383387","178290","205097","797531","18411","6610","0","47471","11868","44268","149064","603519","3427","920","1323","3832","431","0","955","24983","109652","5148","947522"
"282146:17-1-000:legal_applied:2020","282146","宝塚市","17-1-000","legal_applied","2020","230089","228759","29411516","23730936","1848","2066388","2571619","1118797","1452822","3550400","413789","16056","0","0","198358","163800","357695","2119337","0","10065","6608","155149","74","0","0","156008","758747","223139","3950622"
"282154:17-1-000:legal_applied:2020","282154","三木市","17-1-000","legal_applied","2020","59405","56894","7253358","6606791","2640","978102","785522","490101","295421","1473026","47088","0","71519","50659","29604","45602","216779","960371","8168","958","1634","19845","0","0","0","122242","298268","16490","1690357"
"282162:17-1-000:legal_applied:2020","282162","高砂市","17-1-000","legal_applied","2020","86559","80327","10001848","8265464","2310","1112434","954045","624080","329965","3175968","53184","159702","352971","42111","85672","221752","490222","2321928","63752","3953","1625","24815","10131","17167","0","266002","139006","229875","3790228"
"282171:17-1-000:legal_applied:2020","282171","川西市","17-1-000","legal_applied","2020","155498","154549","18934345","15147476","2145","1759956","1161748","784775","376973","2818010","194924","167743","0","110209","125376","212278","184923","1758874","13391","363","2779","118877","863","0","0","100846","447342","182539","3023075"
"282189:17-1-000:legal_applied:2020","282189","小野市","17-1-000","legal_applied","2020","16983","16593","2887747","2624972","2732","469974","379012","245879","133133","472263","56711","0","0","11801","265","9922","33911","234617","0","3375","814","19174","0","0","0","32980","168869","54945","558607"
"282197:17-1-000:legal_applied:2020","282197","三田市","17-1-000","legal_applied","2020","90370","89636","10843008","9638595","1587","934570","698413","541147","157266","1794078","45029","10962","0","32306","82933","67710","69995","1211497","5142","223","253","21627","357","0","0","60246","407440","19583","1864073"
"282201:17-1-000:legal_applied:2020","282201","加西市","17-1-000","legal_applied","2020","11654","11270","1613832","1473177","3710","369275","284826","102366","182460","466620","26545","0","0","3311","6886","5592","43323","359477","4019","0","106","6755","81","0","6426","8841","70401","5361","510382"
"282219:17-1-000:legal_applied:2020","282219","丹波篠山市","17-1-000","legal_applied","2020","20388","19896","2217054","2004840","2970","300757","540287","540287","0","1384355","35910","11325","239170","0","24392","37204","136720","833330","41472","820","1197","40569","46","6110","2111","109295","0","312788","1521662"
"282227:17-1-000:legal_applied:2020","282227","養父市","17-1-000","legal_applied","2020","5712","5503","661609","626558","3750","110919","81116","51422","29694","257261","6931","0","25668","0","16696","7768","46037","207966","16692","119","645","4971","0","0","246","8161","0","12818","305423"
"282235:17-1-000:legal_applied:2020","282235","丹波市","17-1-000","legal_applied","2020","10850","10589","1547006","1096143","4262","238410","225627","132162","93465","553540","7314","1842","97303","0","27277","14887","85082","419278","17375","343","817","6755","783","297","934","88098","0","4241","638890"
"282251:17-1-000:legal_applied:2020","282251","朝来市","17-1-000","legal_applied","2020","5095","5029","648779","618650","3140","98386","129119","63126","65993","223492","5050","8284","30216","0","25973","16524","33413","153529","10922","103","565","7449","0","0","0","15377","0","20470","258352"
"282260:17-1-000:legal_applied:2020","282260","淡路市","17-1-000","legal_applied","2020","13148","9550","1365206","1133179","3322","219404","342491","235687","106804","1116411","7370","25","246694","9976","21710","18423","207181","830636","0","0","55","36225","0","4377","0","223389","0","3753","1324039"
"282278:17-1-000:legal_applied:2020","282278","宍粟市","17-1-000","legal_applied","2020","8327","7738","1197754","870980","2750","128055","132811","95352","37459","385209","10623","0","0","0","31421","21447","74877","292198","1346","187","1092","993","529","0","842","13984","50967","3965","462427"
"282286:17-1-000:legal_applied:2020","282286","加東市","17-1-000","legal_applied","2020","25225","23994","2762713","2503824","3146","462552","456392","190968","265424","761373","16500","11512","34271","32292","20576","24543","97515","556556","10339","0","216","6113","0","0","11005","43228","84821","25098","859434"
"282294:17-1-000:legal_applied:2020","282294","たつの市","17-1-000","legal_applied","2020","50127","47847","8759800","6779497","2420","1106830","2095312","1294979","800333","3073868","72707","8729","208856","56450","133734","109960","373181","1789218","33838","490","1016","15564","380","17579","6864","210629","755924","166142","3480785"
"283011:17-1-000:legal_applied:2020","283011","猪名川町","17-1-000","legal_applied","2020","24445","24420","2481341","2342296","1980","268405","329121","127215","201906","806338","17307","6882","0","0","23446","12948","61272","675881","0","888","495","8060","0","0","0","21960","82205","5243","868952"
"283657:17-1-000:legal_applied:2020","283657","多可町","17-1-000","legal_applied","2020","7138","6581","942674","733126","3795","131956","85435","85435","0","334268","9131","0","55505","2951","14558","12162","77015","252123","21921","0","60","4782","204","3149","592","34904","0","7661","414573"
"283819:17-1-000:legal_applied:2020","283819","稲美町","17-1-000","legal_applied","2020","17613","17187","2152015","1995719","2010","237511","341447","134364","207083","444946","19154","0","0","0","11161","23593","97242","341584","172","0","84","1857","0","0","0","3481","73047","40745","581805"
"283827:17-1-000:legal_applied:2020","283827","播磨町","17-1-000","legal_applied","2020","34048","31600","3270094","3032594","2030","334338","454846","184364","270482","747016","15727","11878","0","19365","26182","26966","100647","532397","716","232","159","1902","0","0","0","22617","113119","48718","847473"
"284432:17-1-000:legal_applied:2020","284432","福崎町","17-1-000","legal_applied","2020","8368","6461","1219328","1212275","2450","186308","187631","133320","54311","449400","6079","1487","84594","4018","14536","19981","63931","317910","19491","2088","699","10628","0","10635","0","44281","0","25914","515558"
"284645:17-1-000:legal_applied:2020","284645","太子町","17-1-000","legal_applied","2020","28749","27983","3801895","2855767","2585","406053","758470","332029","426441","946742","23558","0","51010","0","46221","31704","138410","570590","3111","4","244","3814","1059","2311","0","49226","255177","41170","1096820"
"284815:17-1-000:legal_applied:2020","284815","上郡町","17-1-000","legal_applied","2020","8960","8532","1251461","906743","3080","143904","141082","111012","30070","698169","16824","9564","56476","9370","28332","23147","92799","576403","9253","85","1789","5197","0","3636","892","72049","0","8567","793817"
"285854:17-1-000:legal_applied:2020","285854","香美町","17-1-000","legal_applied","2020","6253","4258","526347","490105","4503","113424","136152","86875","49277","326217","6088","3130","52026","0","21935","25845","72228","242196","13505","65","1149","4979","1709","7536","0","18789","0","13296","401297"
"285862:17-1-000:legal_applied:2020","285862","新温泉町","17-1-000","legal_applied","2020","4443","3729","511809","511809","4860","83452","82813","66642","16171","208012","4794","0","41577","0","19177","13163","29272","142464","12144","115","1703","979","0","880","45","26290","0","11323","238378"
"289621:17-1-000:legal_applied:2020","289621","播磨高原広域事務組合（事業会計分）","17-1-000","legal_applied","2020","703","703","381796","381796","2970","55561","134923","103443","31480","246347","11471","0","71199","1648","17303","27871","13396","143465","6946","255","642","6343","2798","1793","0","42182","0","25834","271525"
"292010:17-1-000:legal_applied:2020","292010","奈良市","17-1-000","legal_applied","2020","311793","303716","34964319","35068667","2893","4504080","3930225","2661492","1268733","6225170","238661","31857","366967","83951","135838","191183","322548","3358392","78182","9289","616","46304","10207","25627","491","439385","1956352","134124","6572700"
"292028:17-1-000:legal_applied:2020","292028","大和高田市","17-1-000","legal_applied","2020","38283","34092","3232336","2812132","2640","356943","423257","237710","185547","1059031","10706","0","0","0","71187","37975","197682","817565","429","18","519","2754","412","0","0","7680","159573","32108","1256715"
"292036:17-1-000:legal_applied:2020","292036","大和郡山市","17-1-000","legal_applied","2020","81132","76262","10975637","9936498","2673","1535103","1549099","827598","721501","2063088","64088","16171","0","41344","64352","72259","233545","1183250","2532","104","396","10365","276","0","0","90675","692667","18490","2304559"
"292044:17-1-000:legal_applied:2020","292044","天理市","17-1-000","legal_applied","2020","50802","48834","7219140","6136269","2860","897599","921663","527813","393850","1389639","52478","31625","0","31852","40876","56461","152892","830373","2108","422","2126","17140","371","0","0","73302","401755","16278","1553228"
"292052:17-1-000:legal_applied:2020","292052","橿原市","17-1-000","legal_applied","2020","96307","86378","11985339","10427245","2640","1426134","1564897","808957","755940","2286685","63277","0","0","0","88775","62288","303998","1455738","0","694","349","1820","404","0","1119","8718","671247","84337","2590712"
"292061:17-1-000:legal_applied:2020","292061","桜井市","17-1-000","legal_applied","2020","39014","35263","3510412","2983850","3080","421885","447578","245757","201821","908505","2375","0","0","40851","43601","39458","134642","657673","1426","0","421","5050","847","0","0","29597","164005","10189","1043308"
"292079:17-1-000:legal_applied:2020","292079","五條市","17-1-000","legal_applied","2020","16091","12804","2053614","1725036","2200","189494","258929","164402","94527","656308","23066","0","0","11148","32771","25549","92785","485559","0","805","184","1195","212","0","407","36132","103732","4582","751142"
"292087:17-1-000:legal_applied:2020","292087","御所市","17-1-000","legal_applied","2020","10213","6697","830783","722781","2420","81447","108417","59210","49207","334604","3692","0","0","0","13533","9703","51464","277880","423","0","144","311","334","0","0","8171","39499","1351","389280"
"292095:17-1-000:legal_applied:2020","292095","生駒市","17-1-000","legal_applied","2020","84781","76874","8924474","8243244","2332","900478","1240327","809675","430652","2038055","103210","29172","351587","0","51192","72578","135210","1215162","45882","2447","987","68285","10142","24108","0","244383","287672","66657","2173513"
"292109:17-1-000:legal_applied:2020","292109","香芝市","17-1-000","legal_applied","2020","59549","53650","6056728","5253896","2640","648415","787367","390733","396634","1193266","38587","0","0","33003","43202","43543","153358","784980","0","1309","247","2850","0","0","0","54079","293494","15233","1349093"
"292117:17-1-000:legal_applied:2020","292117","葛城市","17-1-000","legal_applied","2020","27578","25900","3153987","2743968","1760","190822","328650","166667","161983","604904","22223","0","0","6131","13370","24369","77189","427807","0","1368","565","238","129","0","0","15055","135373","0","682093"
"292125:17-1-000:legal_applied:2020","292125","宇陀市","17-1-000","legal_applied","2020","17311","15710","2349989","1715492","2530","218207","284530","187747","96783","650003","47826","16116","0","13213","11000","24000","45124","463601","6318","1652","1490","7812","976","0","1010","40676","98247","19072","709978"
"293423:17-1-000:legal_applied:2020","293423","平群町","17-1-000","legal_applied","2020","10206","9581","1258189","1069461","2640","136658","160419","94289","66130","334438","2086","0","0","0","28217","18622","43463","238277","0","659","0","163","0","0","0","7215","65858","3644","377901"
"293431:17-1-000:legal_applied:2020","293431","三郷町","17-1-000","legal_applied","2020","21500","20515","2360847","2006720","2640","249428","302318","210265","92053","528622","30740","12211","0","0","53798","40906","64533","314842","3254","2262","422","14714","0","0","0","15176","117031","20531","593671"
"293440:17-1-000:legal_applied:2020","293440","斑鳩町","17-1-000","legal_applied","2020","18555","13562","1493958","1269864","2640","152590","208493","115350","93143","557667","6049","0","0","0","42978","30868","136719","440457","0","0","0","615","0","0","0","10360","68183","7418","694620"
"293458:17-1-000:non_legal_applied:2020","293458","安堵町","17-1-000","non_legal_applied","2020","4608","3295","369243","310164","2640","41226","48525","22594","25931","","","","","","","","","","","","","","","","","","","",""
"293610:17-1-000:legal_applied:2020","293610","川西町","17-1-000","legal_applied","2020","5398","5300","638258","542519","2310","40467","37142","34754","2388","81424","2482","0","0","0","11645","8110","2712","46270","0","0","0","133","69","0","0","2858","21027","3206","84385"
"293628:17-1-000:non_legal_applied:2020","293628","三宅町","17-1-000","non_legal_applied","2020","5015","4870","521504","443278","2530","55265","66492","31734","34758","","","","","","","","","","","","","","","","","","","",""
"293636:17-1-000:legal_applied:2020","293636","田原本町","17-1-000","legal_applied","2020","25549","23063","2378074","2021363","2690","265776","304070","166502","137568","584566","15001","0","0","13228","22751","21877","104730","414555","0","1053","469","1567","314","0","0","16395","118165","10203","689328"
"294012:17-1-000:non_legal_applied:2020","294012","高取町","17-1-000","non_legal_applied","2020","1944","1532","110218","95890","2200","10560","17704","17704","0","","","","","","","","","","","","","","","","","","","",""
"294021:17-1-000:legal_applied:2020","294021","明日香村","17-1-000","legal_applied","2020","3537","3395","431290","375222","2640","45602","56283","31223","25060","93551","3902","0","0","0","7406","3937","12072","61741","375","0","279","904","2","0","0","5221","20502","604","105637"
"294241:17-1-000:non_legal_applied:2020","294241","上牧町","17-1-000","non_legal_applied","2020","21111","20352","2396833","2085245","2590","281428","312787","167754","145033","","","","","","","","","","","","","","","","","","","",""
"294250:17-1-000:non_legal_applied:2020","294250","王寺町","17-1-000","non_legal_applied","2020","23487","22584","2556211","2223904","2860","328058","333586","161885","171701","","","","","","","","","","","","","","","","","","","",""
"294268:17-1-000:legal_applied:2020","294268","広陵町","17-1-000","legal_applied","2020","25566","24296","2802553","2407105","2640","293327","304795","152294","152501","666499","4582","0","0","0","19278","10234","44221","508599","0","1003","316","279","360","0","0","9879","132140","1789","708820"
"294276:17-1-000:non_legal_applied:2020","294276","河合町","17-1-000","non_legal_applied","2020","14408","13836","1895762","1649313","2640","225067","247397","153046","94351","","","","","","","","","","","","","","","","","","","",""
"294411:17-1-000:non_legal_applied:2020","294411","吉野町","17-1-000","non_legal_applied","2020","1836","1589","193852","168652","2640","22928","25228","23968","1260","","","","","","","","","","","","","","","","","","","",""
"294420:17-1-000:legal_applied:2020","294420","大淀町","17-1-000","legal_applied","2020","14849","12988","1567068","1363349","2787","188988","199038","94539","104499","460566","1402","0","0","3052","18122","10713","83973","359507","0","1067","99","1053","349","0","0","7279","78483","2137","544660"
"294438:17-1-000:non_legal_applied:2020","294438","下市町","17-1-000","non_legal_applied","2020","1387","982","154719","129964","2640","16026","20242","20242","0","","","","","","","","","","","","","","","","","","","",""
"302015:17-1-000:legal_applied:2020","302015","和歌山市","17-1-000","legal_applied","2020","138918","112195","23384419","15647626","3139","2766865","2790140","1343960","1446180","9912210","210790","645535","1741384","100710","361320","677425","1444928","6744714","412918","41664","4797","82772","45936","99710","0","1580600","0","294129","11429593"
"302031:17-1-000:legal_applied:2020","302031","橋本市","17-1-000","legal_applied","2020","39992","33745","3836223","3667609","3520","601335","608212","492123","116089","1523498","69077","0","0","18767","31083","55175","166516","996002","7289","81","449","4014","176","0","0","24779","399331","40002","1693814"
"302082:17-1-000:legal_applied:2020","302082","紀の川市","17-1-000","legal_applied","2020","9811","5982","785359","727693","3190","112564","163545","157493","6052","520139","17781","0","0","0","43166","25406","140968","378187","0","874","561","5668","0","0","0","16803","81005","39897","689369"
"302091:17-1-000:legal_applied:2020","302091","岩出市","17-1-000","legal_applied","2020","26361","15988","1666348","1543810","2880","218741","235817","235817","0","688826","15939","0","0","0","64345","43069","134120","444897","619","0","364","1629","0","0","0","16984","163595","18488","823765"
"303411:17-1-000:legal_applied:2020","303411","かつらぎ町","17-1-000","legal_applied","2020","6436","5526","800433","765251","3170","114883","147455","143108","4347","412927","13315","0","0","0","51313","40979","47790","258935","690","16","559","2766","0","0","0","10096","88989","12433","463253"
"303437:17-1-000:non_legal_applied:2020","303437","九度山町","17-1-000","non_legal_applied","2020","2731","2320","203227","194295","3000","31448","44097","44096","1","","","","","","","","","","","","","","","","","","","",""
"303445:17-1-000:non_legal_applied:2020","303445","高野町","17-1-000","non_legal_applied","2020","2162","2162","1016645","620447","3000","82143","103483","99720","3763","","","","","","","","","","","","","","","","","","","",""
"303666:17-1-000:non_legal_applied:2020","303666","有田川町","17-1-000","non_legal_applied","2020","13079","7849","802247","801679","2640","108979","126961","126961","0","","","","","","","","","","","","","","","","","","","",""
"303810:17-1-000:non_legal_applied:2020","303810","美浜町","17-1-000","non_legal_applied","2020","3046","2674","247803","276068","2863","44868","60312","42698","17614","","","","","","","","","","","","","","","","","","","",""
"303836:17-1-000:non_legal_applied:2020","303836","由良町","17-1-000","non_legal_applied","2020","3686","2254","322928","314022","3520","55423","66967","66967","0","","","","","","","","","","","","","","","","","","","",""
"303917:17-1-000:non_legal_applied:2020","303917","みなべ町","17-1-000","non_legal_applied","2020","9713","6721","696802","694578","2750","105139","170610","129407","41203","","","","","","","","","","","","","","","","","","","",""
"304018:17-1-000:non_legal_applied:2020","304018","白浜町","17-1-000","non_legal_applied","2020","3583","2558","780760","674560","2750","113612","130917","130917","0","","","","","","","","","","","","","","","","","","","",""
"304042:17-1-000:non_legal_applied:2020","304042","上富田町","17-1-000","non_legal_applied","2020","4366","2450","337496","357083","3157","59100","59100","55362","3738","","","","","","","","","","","","","","","","","","","",""
"304221:17-1-000:non_legal_applied:2020","304221","太地町","17-1-000","non_legal_applied","2020","1614","1427","192409","192409","2420","23299","28861","22783","6078","","","","","","","","","","","","","","","","","","","",""
"312011:17-1-000:legal_applied:2020","312011","鳥取市","17-1-000","legal_applied","2020","135528","131741","18553658","15437705","2767","2573925","2164685","1158510","1006175","4834790","181386","161288","909634","121439","112315","200285","676432","3296646","49198","202445","11831","188974","11100","42558","0","782353","0","95606","5557428"
"312029:17-1-000:legal_applied:2020","312029","米子市","17-1-000","legal_applied","2020","105070","95202","12948604","10855013","2952","1863392","1870306","795823","1074483","4098541","101373","163802","574936","133127","122528","252270","477153","2933481","135666","2048","3358","130082","597","52716","0","496312","0","92161","4575844"
"312037:17-1-000:legal_applied:2020","312037","倉吉市","17-1-000","legal_applied","2020","34774","30620","4276655","4072707","3531","776031","778159","486332","291827","1546320","29344","31022","0","42137","46291","83105","204567","1020556","1956","3101","3204","2363","517","0","2339","39358","370865","22372","1754303"
"312045:17-1-000:non_legal_applied:2020","312045","境港市","17-1-000","non_legal_applied","2020","27412","22146","2542005","2397692","3300","477993","559128","213596","345532","","","","","","","","","","","","","","","","","","","",""
"313025:17-1-000:non_legal_applied:2020","313025","岩美町","17-1-000","non_legal_applied","2020","7369","6715","774938","699562","4708","158741","260394","120417","139977","","","","","","","","","","","","","","","","","","","",""
"313297:17-1-000:non_legal_applied:2020","313297","八頭町","17-1-000","non_legal_applied","2020","5650","5297","618250","556425","3685","100255","132812","98982","33830","","","","","","","","","","","","","","","","","","","",""
"313700:17-1-000:non_legal_applied:2020","313700","湯梨浜町","17-1-000","non_legal_applied","2020","13022","12869","1732469","1411161","3345","249792","407845","215481","192364","","","","","","","","","","","","","","","","","","","",""
"313718:17-1-000:non_legal_applied:2020","313718","琴浦町","17-1-000","non_legal_applied","2020","6757","5491","539809","539809","3850","104551","104552","49192","55360","","","","","","","","","","","","","","","","","","","",""
"313840:17-1-000:legal_applied:2020","313840","日吉津村","17-1-000","legal_applied","2020","3528","3497","360559","360559","3574","60479","35106","21491","13615","133117","15320","0","24827","0","4406","10321","5279","86253","6119","83","724","965","0","2966","0","22001","0","4022","138733"
"322016:17-1-000:legal_applied:2020","322016","松江市","17-1-000","legal_applied","2020","155695","147991","18338647","16670396","3080","2973064","2843407","1540482","1302925","4531225","176000","115180","0","197436","81196","151784","598398","2863683","44701","621","1753","23202","411","0","0","198752","1032596","221128","5137029"
"322024:17-1-000:legal_applied:2020","322024","浜田市","17-1-000","legal_applied","2020","0","0","0","0","0","0","0","0","0","0","0","0","0","0","0","0","0","0","0","0","0","0","0","0","0","0","0","0","0"
"322032:17-1-000:legal_applied:2020","322032","出雲市","17-1-000","legal_applied","2020","84388","73397","9281487","8490440","3352","1579775","1570649","1167176","403473","3252421","106011","6514","0","73943","133095","225139","559973","2180236","15970","41","503","10153","0","0","0","57129","710415","177655","3937214"
"322041:17-1-000:legal_applied:2020","322041","益田市","17-1-000","legal_applied","2020","3755","2406","288805","288805","4428","67448","67664","27341","40323","230496","1589","4476","17321","6560","12790","9688","50016","187760","6420","29","385","3648","0","271","0","13855","0","8440","280512"
"322059:17-1-000:legal_applied:2020","322059","大田市","17-1-000","legal_applied","2020","6101","2897","315206","301048","3300","53965","74932","74932","0","285971","3889","0","43242","2468","23464","19846","38749","209991","9903","22","319","3826","0","1686","401","33680","0","6631","325054"
"322067:17-1-000:legal_applied:2020","322067","安来市","17-1-000","legal_applied","2020","17461","14933","1323235","1323235","3439","290656","198332","148097","50235","687859","50534","25445","0","6011","5390","18871","85782","516437","5748","231","879","10233","62","0","0","39629","84042","16192","778106"
"322075:17-1-000:non_legal_applied:2020","322075","江津市","17-1-000","non_legal_applied","2020","5394","3079","474967","440258","3744","102023","177701","177701","0","","","","","","","","","","","","","","","","","","","",""
"322091:17-1-000:legal_applied:2020","322091","雲南市","17-1-000","legal_applied","2020","8908","7933","931690","917530","2728","144421","152030","152030","0","479545","28165","5890","78183","0","20596","10601","88809","337917","16491","326","525","11204","196","0","1150","44099","0","67438","578756"
"323438:17-1-000:non_legal_applied:2020","323438","奥出雲町","17-1-000","non_legal_applied","2020","1649","1318","144901","144901","3630","32664","36791","30793","5998","","","","","","","","","","","","","","","","","","","",""
"325287:17-1-000:non_legal_applied:2020","325287","隠岐の島町","17-1-000","non_legal_applied","2020","5098","2076","288235","305972","3848","68388","83020","83020","0","","","","","","","","","","","","","","","","","","","",""
"328979:17-1-000:legal_applied:2020","328979","雲南広域連合（事業会計分）","17-1-000","legal_applied","2020","19458","16905","0","0","0","0","312831","206855","105976","305770","0","0","192012","0","10377","6970","2595","103381","6548","151","211","17130","0","9717","0","159691","0","6437","312831"
"331007:17-1-000:legal_applied:2020","331007","岡山市","17-1-000","legal_applied","2020","473588","430271","60488321","51732700","3011","9134189","9378898","3478251","5900647","15075053","505723","719542","777557","456298","153960","459023","2954854","10416504","273748","23550","9999","241052","47778","55845","0","1308492","1625799","676918","18093562"
"332020:17-1-000:legal_applied:2020","332020","倉敷市","17-1-000","legal_applied","2020","389926","362442","41555692","37627395","2967","6808778","6808778","2733070","4075708","12443276","204215","271773","1290780","341445","191304","402281","2457249","9092592","232806","7149","8170","143505","8734","0","0","1401283","775865","395699","14925333"
"332038:17-1-000:legal_applied:2020","332038","津山市","17-1-000","legal_applied","2020","34695","28064","5872080","5887992","3465","878332","878332","407716","470616","2478065","56834","3939","291673","0","72621","67351","282511","2052441","42249","8227","4262","19813","124","21647","0","246697","0","30332","2775654"
"332046:17-1-000:legal_applied:2020","332046","玉野市","17-1-000","legal_applied","2020","55555","51775","6194310","5669138","3190","1013998","957697","426183","531514","1885602","34619","93934","213404","34243","77644","109373","255169","1291326","50837","3402","3620","74460","1821","10273","0","153186","52626","141458","2147551"
"332054:17-1-000:legal_applied:2020","332054","笠岡市","17-1-000","legal_applied","2020","26776","24329","3434151","2828465","2596","431824","507123","176607","330516","1173795","48482","23041","187376","0","60276","58901","181065","854620","44204","285","1064","19579","0","8054","0","175099","0","24059","1366930"
"332071:17-1-000:legal_applied:2020","332071","井原市","17-1-000","legal_applied","2020","20103","15899","2904043","1951261","2739","279077","260084","260084","0","1085707","8529","7992","171969","0","78781","45479","142687","818381","30566","1214","776","5436","1621","7706","0","161342","0","13964","1229172"
"332089:17-1-000:legal_applied:2020","332089","総社市","17-1-000","legal_applied","2020","42704","41261","6479992","4194144","2840","607340","1330117","439034","891083","1242652","4055","34083","291716","0","99994","62274","136453","803569","58565","364","634","22594","0","19947","0","222983","0","56001","1383384"
"332097:17-1-000:legal_applied:2020","332097","高梁市","17-1-000","legal_applied","2020","11559","11160","2321627","1642033","3170","256528","218963","218963","0","631234","18329","27243","135507","22228","19428","43850","80478","408499","33914","419","1209","29759","0","10793","1680","94681","0","11898","717180"
"332101:17-1-000:legal_applied:2020","332101","新見市","17-1-000","legal_applied","2020","11504","9013","1181418","1062379","2725","151185","159357","139153","20204","502194","16551","0","68177","0","54001","36179","131260","363465","16503","179","363","2490","0","6424","0","61925","0","15090","633878"
"332119:17-1-000:legal_applied:2020","332119","備前市","17-1-000","legal_applied","2020","22229","20350","2678098","2188402","3872","439280","438885","327837","111048","1415170","25473","31025","188846","5282","79139","51547","198691","1071157","50482","849","2452","11036","0","7726","4088","154521","0","80022","1632571"
"332135:17-1-000:legal_applied:2020","332135","赤磐市","17-1-000","legal_applied","2020","28773","28233","2482423","2583569","3003","374772","565066","295885","269181","992833","10745","1729","180388","0","79820","18030","134988","715773","13209","76","1387","17289","0","2032","0","170889","0","74498","1148171"
"332143:17-1-000:legal_applied:2020","332143","真庭市","17-1-000","legal_applied","2020","13194","7215","1321035","1076175","3168","160008","341466","167074","174392","681830","16167","4094","102271","0","45200","34093","85343","513997","23715","182","2815","8928","0","8488","464","82278","0","10867","771170"
"332151:17-1-000:legal_applied:2020","332151","美作市","17-1-000","legal_applied","2020","8962","7985","1277338","1098669","3223","166605","205487","175180","30307","583033","31055","1132","102925","0","44291","32818","84523","401497","28876","1869","2806","13395","0","6404","459","86125","0","15247","674019"
"332160:17-1-000:legal_applied:2020","332160","浅口市","17-1-000","legal_applied","2020","21219","16895","1856591","1753461","3260","281660","284585","271129","13456","961264","17400","3188","177444","0","75431","42504","152427","687801","38492","189","1739","23728","0","8033","0","144775","0","14006","1113694"
"333468:17-1-000:non_legal_applied:2020","333468","和気町","17-1-000","non_legal_applied","2020","9735","9533","1823612","1098407","3115","213899","223995","173999","49996","","","","","","","","","","","","","","","","","","","",""
"334235:17-1-000:non_legal_applied:2020","334235","早島町","17-1-000","non_legal_applied","2020","12528","12170","1681969","1327565","2864","248273","283675","146208","137467","","","","","","","","","","","","","","","","","","","",""
"334456:17-1-000:legal_applied:2020","334456","里庄町","17-1-000","legal_applied","2020","7448","5517","522042","522444","3300","78757","92107","47489","44618","252310","36123","0","0","0","25525","17292","54181","190662","961","12","195","1428","0","0","0","4780","0","38396","307907"
"334618:17-1-000:legal_applied:2020","334618","矢掛町","17-1-000","legal_applied","2020","11941","10212","1155513","1099841","3190","186780","293777","148221","145556","633773","16926","2943","96264","0","31968","25836","83800","483285","23496","0","364","10563","466","2307","0","81175","0","6401","717693"
"336068:17-1-000:legal_applied:2020","336068","鏡野町","17-1-000","legal_applied","2020","7545","5775","622278","622278","3630","97889","94059","94059","0","339931","23549","0","28740","1307","13493","16474","64086","272842","0","4058","1203","5975","95","0","0","14580","0","51674","430987"
"336220:17-1-000:legal_applied:2020","336220","勝央町","17-1-000","legal_applied","2020","5702","5612","2221010","1316647","2860","217092","250835","110863","139972","479205","10729","0","79219","0","32675","21771","32578","356582","7777","63","869","3994","0","7704","1730","72466","0","9219","514753"
"336815:17-1-000:legal_applied:2020","336815","吉備中央町","17-1-000","legal_applied","2020","1541","1541","365286","365286","2816","60050","78724","78724","0","135980","1793","5064","35196","0","31117","22839","421","56483","7564","172","490","3613","0","1748","0","27910","0","15161","136401"
"341002:17-1-000:legal_applied:2020","341002","広島市","17-1-000","legal_applied","2020","1128520","1108787","139868227","116852994","2260","18605718","16911764","5694588","11217176","34509226","485881","2032761","3821350","985767","481035","2485817","5471676","25463386","496450","33627","17971","335603","58425","63592","232603","3915305","917450","704587","40196492"
"342025:17-1-000:legal_applied:2020","342025","呉市","17-1-000","legal_applied","2020","184233","179724","21975258","18314104","3894","3895148","3489173","1792920","1696253","5175488","216733","375029","1233146","155144","143070","298308","498478","3007916","252640","19035","5600","248385","29292","16423","0","1103647","0","225844","5705568"
"342033:17-1-000:legal_applied:2020","342033","竹原市","17-1-000","legal_applied","2020","4223","3535","446831","412757","2728","62014","98724","98724","0","478801","16331","21004","39374","4678","36589","36118","79142","360825","11527","432","247","13173","0","0","0","48543","0","11636","561643"
"342041:17-1-000:legal_applied:2020","342041","三原市","17-1-000","legal_applied","2020","42077","38428","4851850","4851850","2750","736348","536336","533600","2736","2320454","27244","96364","0","58236","45175","37317","314861","1577360","21623","1523","2425","43773","0","1648","0","28172","508073","123149","2659924"
"342050:17-1-000:legal_applied:2020","342050","尾道市","17-1-000","legal_applied","2020","20380","15202","1990176","1926036","2640","285251","338085","284602","53483","1381119","27101","101077","162659","15712","31805","51920","119292","838753","36725","524","1107","54435","2","23915","0","162573","0","44370","1333616"
"342076:17-1-000:legal_applied:2020","342076","福山市","17-1-000","legal_applied","2020","350448","332295","41431764","36066649","2926","6009230","6009230","2140997","3868233","8499954","331238","393134","230057","220312","212405","340104","1353962","5683062","48948","8544","15706","165262","13631","1548","0","761516","1346114","166123","9904520"
"342084:17-1-000:legal_applied:2020","342084","府中市","17-1-000","legal_applied","2020","12969","10143","910717","910717","2541","158564","192762","104364","88398","603296","15823","38599","22522","0","41718","16463","101313","458366","7029","99","764","1276","0","0","0","37590","26268","55456","704624"
"342092:17-1-000:legal_applied:2020","342092","三次市","17-1-000","legal_applied","2020","16673","13731","1682103","1640910","2992","266296","298551","298551","0","922713","36751","0","175932","0","84238","42755","82275","625742","30046","331","3284","25442","0","9244","992","177308","0","12179","1009598"
"342106:17-1-000:legal_applied:2020","342106","庄原市","17-1-000","legal_applied","2020","11309","10687","1311190","1220111","3841","251979","254638","226076","28562","615872","23264","0","166008","0","36804","25529","66552","374757","20412","153","1928","15127","0","4850","1914","150134","0","21068","682424"
"342114:17-1-000:legal_applied:2020","342114","大竹市","17-1-000","legal_applied","2020","25365","25269","5671007","4529627","2801","453710","497831","295384","202447","855863","38826","98184","232832","22142","18891","27757","37166","438625","163","18","28","68552","1904","0","440","273951","0","60626","909230"
"342122:17-1-000:legal_applied:2020","342122","東広島市","17-1-000","legal_applied","2020","86121","80842","17849981","16249398","2820","3227555","2848784","1348139","1500645","3512947","35124","90540","944468","99849","106192","203640","430824","2120686","142849","7914","4836","78674","3938","172837","0","670167","39744","71405","3947514"
"342131:17-1-000:legal_applied:2020","342131","廿日市市","17-1-000","legal_applied","2020","67397","61414","7340267","6775067","2695","1017747","1312498","848224","464274","2728303","104059","185378","641594","78788","80961","132025","236603","1598767","71693","1203","2389","202874","0","10490","0","609412","0","105233","2970689"
"342149:17-1-000:legal_applied:2020","342149","安芸高田市","17-1-000","legal_applied","2020","4157","2965","357590","335416","3911","66795","93283","93283","0","204690","5053","0","68593","0","19637","13227","24796","111407","7047","1214","690","8298","0","1808","632","52223","0","8144","229486"
"342157:17-1-000:legal_applied:2020","342157","江田島市","17-1-000","legal_applied","2020","4436","4066","597180","583357","3531","116344","180358","167282","13076","365734","11710","0","67789","0","29361","34860","26512","185197","8177","1011","462","2751","0","922","0","51527","0","82006","393425"
"343021:17-1-000:legal_applied:2020","343021","府中町","17-1-000","legal_applied","2020","51587","47935","4074984","4074984","2260","539879","598638","183244","415394","1145613","5055","128347","0","0","127381","50573","116194","758416","6096","368","294","4591","0","0","0","97699","126387","117583","1278201"
"343048:17-1-000:non_legal_applied:2020","343048","海田町","17-1-000","non_legal_applied","2020","29975","29207","3223024","2924105","2178","473257","473257","242437","230820","","","","","","","","","","","","","","","","","","","",""
"343072:17-1-000:non_legal_applied:2020","343072","熊野町","17-1-000","non_legal_applied","2020","21434","20822","2093764","1778852","2700","270686","270686","186299","84387","","","","","","","","","","","","","","","","","","","",""
"343099:17-1-000:non_legal_applied:2020","343099","坂町","17-1-000","non_legal_applied","2020","12719","12541","1647013","1324632","2288","249610","249610","119581","130029","","","","","","","","","","","","","","","","","","","",""
"343692:17-1-000:non_legal_applied:2020","343692","北広島町","17-1-000","non_legal_applied","2020","3476","3402","677055","464396","3690","93531","103753","103753","0","","","","","","","","","","","","","","","","","","","",""
"344621:17-1-000:legal_applied:2020","344621","世羅町","17-1-000","legal_applied","2020","1373","607","146739","92083","4950","21063","73362","63039","10323","158395","0","0","31718","0","30978","25792","6108","95356","2635","623","231","5407","0","1199","0","19870","0","7282","164503"
"352012:17-1-000:legal_applied:2020","352012","下関市","17-1-000","legal_applied","2020","197021","191518","23001759","19999912","3336","3393915","3394154","1792828","1601326","5871578","204836","147821","1093541","165127","213446","369174","528890","3960792","243805","9965","5066","119258","13795","45859","65271","774489","0","268734","6405098"
"352021:17-1-000:legal_applied:2020","352021","宇部市","17-1-000","legal_applied","2020","119146","114925","17914128","12381256","3135","2109223","2109223","972502","1136721","5054695","79756","276481","681308","0","214745","503890","256829","3419357","139175","10268","3493","126106","11875","17759","0","273479","0","567652","5329883"
"352039:17-1-000:legal_applied:2020","352039","山口市","17-1-000","legal_applied","2020","119392","115739","16547592","13706333","3080","2197114","2196668","1134994","1061674","4538733","192403","71767","620308","188005","116769","254148","506673","3263767","134813","11400","3603","159425","53","0","0","500479","0","287543","5121904"
"352047:17-1-000:legal_applied:2020","352047","萩市","17-1-000","legal_applied","2020","18348","16928","2097929","2021763","2970","321126","343637","321629","22008","885138","61891","6651","167820","0","94712","108993","86939","553993","21243","2698","1311","18136","418","7326","0","122856","0","49511","973424"
"352063:17-1-000:legal_applied:2020","352063","防府市","17-1-000","legal_applied","2020","78926","72448","11949838","7898027","2750","1223615","1223615","506434","717181","2432652","111535","55700","335609","49907","84878","100441","373807","1764385","3397","55","6320","18108","3","187","0","415842","0","114661","2797206"
"352071:17-1-000:legal_applied:2020","352071","下松市","17-1-000","legal_applied","2020","51054","49459","7082397","5507863","2200","650998","661552","321286","340266","1156264","30906","49591","232572","0","92003","52094","90738","745010","53410","2408","547","48510","0","10923","2120","181104","0","122886","1309750"
"352080:17-1-000:legal_applied:2020","352080","岩国市","17-1-000","legal_applied","2020","46142","42514","8257750","5057987","3135","817171","817073","585019","232054","2504515","52971","124640","331023","0","122552","82752","285439","1762636","80536","4629","10229","42665","2711","8846","0","329259","98403","82039","2790144"
"352101:17-1-000:legal_applied:2020","352101","光市","17-1-000","legal_applied","2020","40905","39968","4550215","4013921","3630","740593","740593","390806","349787","1283441","24608","12620","0","55790","37138","56359","104226","861608","3891","657","506","4599","435","0","1955","67286","274389","19032","1394943"
"352110:17-1-000:legal_applied:2020","352110","長門市","17-1-000","legal_applied","2020","14452","14036","3118429","2112266","2915","306339","345672","252240","93432","819637","27524","13973","178532","0","44227","54805","41586","552193","29194","2791","2135","36662","12","5709","0","127458","0","8683","861228"
"352128:17-1-000:legal_applied:2020","352128","柳井市","17-1-000","legal_applied","2020","7583","6721","873649","769280","3190","130610","135822","121079","14743","598724","2545","31825","59209","0","60890","46383","98995","435246","15499","373","516","10085","0","2426","0","59480","0","23136","692139"
"352136:17-1-000:legal_applied:2020","352136","美祢市","17-1-000","legal_applied","2020","8451","8018","1141945","879054","3053","135207","135207","127175","8032","476913","4181","0","75503","0","49379","30332","38869","347850","12941","371","1517","5850","0","3159","0","63830","0","11115","515834"
"352152:17-1-000:legal_applied:2020","352152","周南市","17-1-000","legal_applied","2020","119051","112687","20785217","12541429","3275","2098929","2096101","1167164","928937","3824465","227531","95839","788858","101481","123406","304471","279333","2364233","128744","2505","2600","162988","498","30800","0","597226","75868","174925","4124191"
"352161:17-1-000:legal_applied:2020","352161","山陽小野田市","17-1-000","legal_applied","2020","33987","30905","3863411","3256348","3399","586695","586695","290038","296657","1454608","35071","19238","245642","0","67819","66336","220160","1076591","36264","3600","1186","16703","0","215","0","184694","0","71694","1677443"
"353213:17-1-000:non_legal_applied:2020","353213","和木町","17-1-000","non_legal_applied","2020","6092","6092","1088619","581269","2743","89609","79117","49740","29377","","","","","","","","","","","","","","","","","","","",""
"353434:17-1-000:non_legal_applied:2020","353434","田布施町","17-1-000","non_legal_applied","2020","7266","7121","659051","629224","3938","131788","167070","142756","24314","","","","","","","","","","","","","","","","","","","",""
"353442:17-1-000:non_legal_applied:2020","353442","平生町","17-1-000","non_legal_applied","2020","7127","6670","643243","619975","3938","130703","161103","123176","37927","","","","","","","","","","","","","","","","","","","",""
"358673:17-1-000:non_legal_applied:2020","358673","宇部・阿知須公共下水道組合","17-1-000","non_legal_applied","2020","13519","12008","1473606","1340395","3135","200705","201059","186915","14144","","","","","","","","","","","","","","","","","","","",""
"362018:17-1-000:legal_applied:2020","362018","徳島市","17-1-000","legal_applied","2020","71328","63326","18003911","9884303","2089","1219167","1135374","457218","678156","3588887","124145","191692","574828","134924","79617","480582","477462","2209298","116781","4546","205","140250","0","25459","0","261580","5777","112669","3834609"
"362026:17-1-000:legal_applied:2020","362026","鳴門市","17-1-000","legal_applied","2020","6055","2573","429220","457426","4158","84677","163201","99693","63508","611648","5522","48933","0","0","8821","28972","100067","467277","4586","326","577","9647","45","0","0","23129","69920","11424","715970"
"362034:17-1-000:legal_applied:2020","362034","小松島市","17-1-000","legal_applied","2020","0","0","0","0","0","0","7610","0","7610","356167","0","26152","0","0","7522","16184","77178","322493","7823","327","261","515","0","0","0","7891","0","673","433345"
"362042:17-1-000:legal_applied:2020","362042","阿南市","17-1-000","legal_applied","2020","2462","1426","240562","257495","3190","41144","212276","69498","142778","756963","56","42989","58874","0","18381","55918","76297","627658","14558","52","536","3659","43","1048","0","35676","0","21131","836576"
"362051:17-1-000:legal_applied:2020","362051","吉野川市","17-1-000","legal_applied","2020","16218","13652","2329400","1898954","1980","183545","284762","132823","151939","535256","7457","1914","81622","0","44716","25071","90439","399547","20867","152","1073","4673","36","7025","0","24367","0","53763","627013"
"363871:17-1-000:non_legal_applied:2020","363871","美波町","17-1-000","non_legal_applied","2020","1089","773","101038","113069","2590","16090","16960","13878","3082","","","","","","","","","","","","","","","","","","","",""
"364011:17-1-000:non_legal_applied:2020","364011","松茂町","17-1-000","non_legal_applied","2020","4778","2902","511362","511362","2669","75632","106249","106249","0","","","","","","","","","","","","","","","","","","","",""
"364029:17-1-000:legal_applied:2020","364029","北島町","17-1-000","legal_applied","2020","3923","1739","268075","268075","3130","44499","87231","87231","0","197875","3763","0","0","0","25323","19282","30299","98442","0","267","144","109","0","0","0","5598","57106","19744","230991"
"364037:17-1-000:legal_applied:2020","364037","藍住町","17-1-000","legal_applied","2020","4150","2197","321261","341107","3140","53845","64782","64782","0","185267","9332","0","0","6039","13621","18374","37187","105844","0","148","0","19","0","0","2976","3272","50431","4206","222457"
"372013:17-1-000:legal_applied:2020","372013","高松市","17-1-000","legal_applied","2020","262453","244019","35267867","26606997","2506","3778415","4290933","1759913","2531020","8785821","304646","358876","1272749","180473","161537","490496","1112358","6316992","316097","0","12","65624","6477","0","0","1482578","0","107791","9898425"
"372021:17-1-000:legal_applied:2020","372021","丸亀市","17-1-000","legal_applied","2020","45609","44300","8128304","6016709","2409","894756","917506","491944","425562","2107470","23913","93564","288574","47634","54407","69933","145815","1554550","74420","2508","428","16580","4080","14086","0","241088","31331","245773","2400592"
"372030:17-1-000:legal_applied:2020","372030","坂出市","17-1-000","legal_applied","2020","13932","11062","2081005","2081005","2860","350055","354437","176778","177659","774648","15267","25885","0","0","45949","33197","95488","550847","5005","47","220","2983","138","0","0","43724","136352","5299","873300"
"372048:17-1-000:legal_applied:2020","372048","善通寺市","17-1-000","legal_applied","2020","18664","18326","1843267","1697412","3190","309381","314307","167522","146785","519984","13310","0","0","0","154692","35339","98486","351982","1621","0","1025","5256","0","0","0","12572","0","112189","618470"
"372056:17-1-000:legal_applied:2020","372056","観音寺市","17-1-000","legal_applied","2020","11552","9881","2175630","1484024","3217","266929","274415","159258","115157","1049444","27353","37994","177721","11500","48497","74119","94462","662396","22876","2193","1064","8250","20","0","45","186883","0","108066","1160374"
"372064:17-1-000:legal_applied:2020","372064","さぬき市","17-1-000","legal_applied","2020","18001","15446","2339055","1686494","2750","251873","255703","255703","0","1155313","27231","49565","156304","0","74237","49687","113385","841138","46434","885","2090","48066","0","7173","0","120120","0","46860","1275838"
"372072:17-1-000:legal_applied:2020","372072","東かがわ市","17-1-000","legal_applied","2020","2244","479","44234","41852","2959","6035","14672","14672","0","144138","8047","0","6485","0","6349","0","18037","123257","822","15","93","7454","0","14","0","6005","0","7506","163203"
"373419:17-1-000:non_legal_applied:2020","373419","三木町","17-1-000","non_legal_applied","2020","7630","1703","152011","126747","2731","19876","61790","61790","0","","","","","","","","","","","","","","","","","","","",""
"373869:17-1-000:non_legal_applied:2020","373869","宇多津町","17-1-000","non_legal_applied","2020","16222","14882","2178459","2010835","2475","315938","327608","192270","135338","","","","","","","","","","","","","","","","","","","",""
"374032:17-1-000:non_legal_applied:2020","374032","琴平町","17-1-000","non_legal_applied","2020","4118","3153","601865","577827","2860","103092","119392","62711","56681","","","","","","","","","","","","","","","","","","","",""
"374041:17-1-000:non_legal_applied:2020","374041","多度津町","17-1-000","non_legal_applied","2020","14458","14214","1744932","1483791","2640","256175","285932","190591","95341","","","","","","","","","","","","","","","","","","","",""
"382019:17-1-000:legal_applied:2020","382019","松山市","17-1-000","legal_applied","2020","328163","303521","43319295","33925969","3385","5975650","5975650","2003515","3972135","10520203","132228","63815","1540413","305775","202695","395917","1803894","8178788","330822","5652","3248","168018","19555","7396","0","1197717","0","240146","12351153"
"382027:17-1-000:legal_applied:2020","382027","今治市","17-1-000","legal_applied","2020","91593","86380","15804536","9598348","3046","1591537","1612307","843518","768789","3418443","114622","185182","625653","90207","64948","149502","388805","2336487","130353","11863","3251","158068","30490","39069","0","531521","0","54575","3833984"
"382035:17-1-000:legal_applied:2020","382035","宇和島市","17-1-000","legal_applied","2020","16185","14689","2598816","2022793","2662","291805","319147","239667","79480","846587","5592","22428","164376","0","63845","43589","147437","590198","29204","655","125","15764","79","0","0","135907","0","36919","999877"
"382043:17-1-000:legal_applied:2020","382043","八幡浜市","17-1-000","legal_applied","2020","23281","20047","6470090","2442083","3060","404810","479443","326175","153268","1160348","16945","2437","238414","0","75357","56614","109482","820669","44622","907","1252","15670","344","9855","0","197199","0","24457","1281071"
"382051:17-1-000:legal_applied:2020","382051","新居浜市","17-1-000","legal_applied","2020","75170","69296","12231776","9141151","2475","1318063","1371100","478710","892390","3094168","40910","147339","365239","79392","63544","116741","495530","2390214","99796","3078","1212","96474","1541","24700","0","322751","0","52841","3604878"
"382060:17-1-000:legal_applied:2020","382060","西条市","17-1-000","legal_applied","2020","64372","60638","11875880","8356211","1450","626518","1287334","463688","823646","2239076","128054","75403","307724","79179","24558","128218","291985","1624158","92476","1079","10801","52208","17","17467","3141","269653","0","40210","2531413"
"382078:17-1-000:legal_applied:2020","382078","大洲市","17-1-000","legal_applied","2020","8077","5155","669213","647929","2662","85990","122035","122035","0","455334","1510","9382","91340","7846","18256","7652","77560","326945","13161","184","589","7331","1043","2868","179","91213","0","7252","535977"
"382108:17-1-000:legal_applied:2020","382108","伊予市","17-1-000","legal_applied","2020","17954","17113","1506506","1473026","2910","223627","223627","165075","58552","633119","3417","30596","126779","0","34906","34041","92802","437421","22434","80","148","7413","0","0","0","114875","0","17503","726717"
"382132:17-1-000:legal_applied:2020","382132","四国中央市","17-1-000","legal_applied","2020","54482","52807","9478337","5178056","2530","728142","759460","409421","350039","1662808","29724","56572","312791","0","76920","41962","140855","1185840","65330","7579","2563","24296","27","23364","3342","286117","0","27729","1809004"
"382141:17-1-000:legal_applied:2020","382141","西予市","17-1-000","legal_applied","2020","10330","5777","783142","793321","2560","102932","132652","132652","0","412088","25624","0","71015","0","32200","19791","39667","283249","9791","3478","699","29405","0","4630","0","56929","0","7929","455568"
"382159:17-1-000:legal_applied:2020","382159","東温市","17-1-000","legal_applied","2020","23248","21423","2414336","2490478","3010","393171","377877","257032","120845","725583","0","0","187909","0","60515","34512","107115","473380","26300","385","920","50575","0","8817","0","114108","0","22124","838236"
"383864:17-1-000:non_legal_applied:2020","383864","久万高原町","17-1-000","non_legal_applied","2020","3013","2232","280114","265289","3603","51408","119938","51041","68897","","","","","","","","","","","","","","","","","","","",""
"384011:17-1-000:legal_applied:2020","384011","松前町","17-1-000","legal_applied","2020","9862","8108","867561","829726","2310","107122","141543","126761","14782","396300","8088","0","77803","0","35774","34879","70050","274635","10103","0","62","30","0","0","150","67535","0","14002","471446"
"384020:17-1-000:legal_applied:2020","384020","砥部町","17-1-000","legal_applied","2020","6896","4378","420940","419386","4070","78856","98021","98021","0","287742","0","0","60833","67","37073","29253","1888","189721","9711","41","173","1740","0","0","0","52945","0","4158","289630"
"384224:17-1-000:legal_applied:2020","384224","内子町","17-1-000","legal_applied","2020","4954","4289","524448","532822","2760","72839","127793","111299","16494","248751","3885","0","59832","0","44895","7941","24845","139808","6950","2275","730","3033","0","2656","0","81835","0","5879","275952"
"392014:17-1-000:legal_applied:2020","392014","高知市","17-1-000","legal_applied","2020","209869","177711","36489088","21472821","2948","3686397","3552880","1558172","1994708","7475586","108856","343252","699527","178962","329788","589992","1070489","5174772","278206","10334","5642","137104","2829","38470","5359","551487","575723","153042","8593449"
"392031:17-1-000:non_legal_applied:2020","392031","安芸市","17-1-000","non_legal_applied","2020","5486","3679","870688","555572","2310","85163","99193","99193","0","","","","","","","","","","","","","","","","","","","",""
"392049:17-1-000:legal_applied:2020","392049","南国市","17-1-000","legal_applied","2020","15769","15769","2045859","1775508","2275","224000","266326","153556","112770","428666","502","3082","31784","330","38450","25364","45477","265961","8218","266","279","1520","0","628","0","35273","84440","6795","474221"
"392065:17-1-000:non_legal_applied:2020","392065","須崎市","17-1-000","non_legal_applied","2020","1559","1171","130430","121120","2210","5551","44548","44548","0","","","","","","","","","","","","","","","","","","","",""
"392081:17-1-000:non_legal_applied:2020","392081","宿毛市","17-1-000","non_legal_applied","2020","4277","2284","440873","309256","2310","42127","48785","48785","0","","","","","","","","","","","","","","","","","","","",""
"392103:17-1-000:legal_applied:2020","392103","四万十市","17-1-000","legal_applied","2020","8118","7722","862218","838050","2268","119267","153357","138035","15322","569527","217","20140","70333","0","79166","14278","71486","399671","11473","167","301","9760","0","0","0","119820","0","21006","647962"
"392111:17-1-000:legal_applied:2020","392111","香南市","17-1-000","legal_applied","2020","5373","3745","666411","444343","2420","54042","95492","88250","7242","286873","3035","1649","76703","1201","5662","4569","34437","198623","16038","32","603","3037","0","1382","0","57320","0","5269","321310"
"392120:17-1-000:non_legal_applied:2020","392120","香美市","17-1-000","non_legal_applied","2020","10514","9768","1306116","1165654","2420","179146","179146","113750","65396","","","","","","","","","","","","","","","","","","","",""
"393860:17-1-000:non_legal_applied:2020","393860","いの町","17-1-000","non_legal_applied","2020","3993","3830","516965","472320","1760","52340","76318","76318","0","","","","","","","","","","","","","","","","","","","",""
"401005:17-1-000:legal_applied:2020","401005","北九州市","17-1-000","legal_applied","2020","927687","925191","126957432","93946285","2207","13187413","12461264","5675786","6785478","22792900","1622819","925469","3095306","566418","529358","925996","1684510","15570884","507178","53044","19587","1307288","2649","54826","0","3772567","0","697096","24595625"
"401307:17-1-000:legal_applied:2020","401307","福岡市","17-1-000","legal_applied","2020","1559580","1554788","188087484","157005004","2651","26557712","21254689","10155871","11098818","41465244","2030730","1860012","5760606","1468652","421779","1315185","4902720","27358887","1086622","42499","12908","1447543","103849","286312","0","7065661","1744225","1357247","46723658"
"402028:17-1-000:legal_applied:2020","402028","大牟田市","17-1-000","legal_applied","2020","77286","55277","6753456","5808321","4114","1288258","1288258","563465","724793","2926918","46006","349865","379151","57785","238254","289969","325621","1748084","0","0","1202","16075","1331","146","2345","699201","0","208112","3292086"
"402036:17-1-000:legal_applied:2020","402036","久留米市","17-1-000","legal_applied","2020","260464","229681","29773506","23983228","3091","4230931","4285327","1655936","2629391","5542326","417735","158093","978186","106941","126489","248270","827207","3696432","163506","5722","18257","208983","14817","43553","0","980527","0","178673","6385947"
"402044:17-1-000:legal_applied:2020","402044","直方市","17-1-000","legal_applied","2020","17894","13893","1307949","1376164","3520","259073","354810","354810","0","949302","25068","21238","0","11708","49710","28746","171756","568118","3048","33","90","14128","0","0","0","27294","273460","34385","1121058"
"402052:17-1-000:legal_applied:2020","402052","飯塚市","17-1-000","legal_applied","2020","59041","52926","5786821","4826793","3089","920825","920825","369620","551205","1625383","43857","68415","236838","35260","44512","66475","186151","1162620","55551","1840","1889","65048","2164","14182","0","157687","0","104258","1817865"
"402079:17-1-000:legal_applied:2020","402079","柳川市","17-1-000","legal_applied","2020","12159","9265","1022499","932916","3450","161025","286309","151923","134386","670542","7052","0","79615","0","57509","36301","114513","526366","12343","65","246","18021","0","2039","1018","63074","0","20195","794181"
"402109:17-1-000:legal_applied:2020","402109","八女市","17-1-000","legal_applied","2020","13810","10579","1328511","1152501","3855","207672","247504","247504","0","576473","32099","0","0","0","45639","37792","90944","331387","751","36","175","3770","0","0","0","14244","167348","23387","669834"
"402117:17-1-000:legal_applied:2020","402117","筑後市","17-1-000","legal_applied","2020","18511","13879","1747426","1516120","3920","272447","416211","301564","114647","629760","10867","0","0","0","54387","35000","112332","340300","758","413","142","320","9","0","915","16924","220660","26693","754466"
"402125:17-1-000:legal_applied:2020","402125","大川市","17-1-000","legal_applied","2020","8757","6331","503021","449778","4080","93378","93378","82064","11314","390668","515","3277","44786","0","41724","25758","74891","299173","4801","150","62","12589","0","2206","0","35700","0","11163","466493"
"402133:17-1-000:legal_applied:2020","402133","行橋市","17-1-000","legal_applied","2020","16194","14380","1628276","1562225","3520","299914","299914","217696","82218","760169","2300","7281","132998","14632","56676","67623","99082","546282","26096","816","490","9815","0","7480","0","95406","0","9970","863060"
"402141:17-1-000:legal_applied:2020","402141","豊前市","17-1-000","legal_applied","2020","9972","7889","1176203","1091571","3300","198677","196056","144868","51188","423248","5365","0","96754","0","28865","43713","54759","262749","0","0","43","7939","713","0","0","104598","0","3850","478364"
"402150:17-1-000:legal_applied:2020","402150","中間市","17-1-000","legal_applied","2020","31494","27540","2750025","2662024","3113","403753","403753","374566","29187","1084837","14029","0","0","0","71238","31063","176441","711131","1741","0","83","960","0","0","0","7419","288439","44011","1261288"
"402168:17-1-000:legal_applied:2020","402168","小郡市","17-1-000","legal_applied","2020","56321","51505","5214365","4594704","3570","835551","973674","641438","332236","1432247","28683","0","0","11823","52138","42463","166078","767299","4444","0","1565","13511","3","0","0","20247","572304","12780","1600694"
"402176:17-1-000:legal_applied:2020","402176","筑紫野市","17-1-000","legal_applied","2020","96414","95172","9869297","8506779","3360","1475506","1356868","846766","510102","1699353","22587","0","0","19733","83233","63982","139351","816730","4395","63","132","1104","0","0","0","33831","757046","22325","1838959"
"402184:17-1-000:legal_applied:2020","402184","春日市","17-1-000","legal_applied","2020","113230","112532","11179039","9595368","3160","1569330","1331429","708397","623032","1622916","65419","0","0","65089","66699","56339","155903","858712","143","0","644","50382","0","0","0","79290","566997","19959","1788369"
"402192:17-1-000:legal_applied:2020","402192","大野城市","17-1-000","legal_applied","2020","101436","101190","10687104","9382772","2953","1503023","1394340","753703","640637","1733173","99411","0","0","93829","43801","54844","149935","932695","692","0","322","65047","0","0","0","105648","542320","34359","1885862"
"402206:17-1-000:legal_applied:2020","402206","宗像市","17-1-000","legal_applied","2020","94157","93202","10850548","9145087","3130","1490557","1419789","719361","700428","2094727","184286","47945","432804","77234","46299","58818","137396","1306121","100019","1558","2171","223308","0","57239","0","267588","0","84500","2238718"
"402214:17-1-000:legal_applied:2020","402214","太宰府市","17-1-000","legal_applied","2020","71150","69582","7402583","6353901","3091","1050772","940438","458561","481877","1234731","23763","0","0","14765","70983","57167","113906","692620","513","0","1024","12847","0","0","0","21988","383984","68129","1352178"
"402231:17-1-000:legal_applied:2020","402231","古賀市","17-1-000","legal_applied","2020","51055","47497","6951046","5259945","3040","875108","624608","390184","234424","1778832","10030","8276","361923","11250","34142","22651","158731","1341744","45043","1405","25306","20127","0","29822","0","241871","0","50715","1937415"
"402249:17-1-000:legal_applied:2020","402249","福津市","17-1-000","legal_applied","2020","63945","58506","6017078","4932973","3256","809976","793480","456982","336498","1493791","75946","0","305288","44147","38617","51269","228763","965053","56885","10405","2515","32761","0","18607","0","240829","0","70618","1677705"
"402265:17-1-000:legal_applied:2020","402265","宮若市","17-1-000","legal_applied","2020","3215","2013","230683","230683","3740","39176","82248","82248","0","244892","1024","3722","0","755","22648","17318","36658","157822","0","654","175","307","0","0","0","4276","58921","5419","281550"
"402281:17-1-000:legal_applied:2020","402281","朝倉市","17-1-000","legal_applied","2020","16536","16296","2016658","1784794","4400","337882","344500","335026","9474","755686","14772","0","0","0","93300","29496","119989","423977","619","0","6604","6509","0","0","0","51074","223637","30947","892852"
"402290:17-1-000:legal_applied:2020","402290","みやま市","17-1-000","legal_applied","2020","3772","2269","276919","233566","3705","42388","77715","77715","0","168761","1075","0","9076","0","32605","3508","25831","100578","2061","49","373","1163","0","0","0","31808","25427","13326","204124"
"402303:17-1-000:legal_applied:2020","402303","糸島市","17-1-000","legal_applied","2020","69112","66527","7005660","5651976","3650","1021619","1020083","408370","611713","1432128","31952","2572","317976","23386","36490","46791","221141","989021","699","0","2493","9391","0","0","0","372294","0","14067","1655897"
"402311:17-1-000:legal_applied:2020","402311","那珂川市","17-1-000","legal_applied","2020","47972","47550","4788838","4263388","3410","703526","586864","369991","216873","673390","62171","0","0","0","65969","37188","54517","292891","0","4174","1476","18906","0","0","0","63252","252359","3210","727973"
"403415:17-1-000:legal_applied:2020","403415","宇美町","17-1-000","legal_applied","2020","32932","31174","2771902","2603503","3210","446950","446951","278456","168495","711288","18646","0","0","0","74623","50992","117464","388488","0","1780","180","2069","0","0","0","17102","229531","21159","828765"
"403423:17-1-000:legal_applied:2020","403423","篠栗町","17-1-000","legal_applied","2020","30251","29337","2848397","2668948","2970","437431","437431","266849","170582","729766","44751","0","0","0","21410","28272","99461","407335","0","0","18","969","0","0","0","23705","243122","28890","831772"
"403431:17-1-000:legal_applied:2020","403431","志免町","17-1-000","legal_applied","2020","46509","44914","4174661","3911658","2662","515155","586749","392812","193937","873616","21749","0","0","0","47957","36467","117055","444835","0","665","148","393","0","0","0","23434","358641","12932","994570"
"403440:17-1-000:non_legal_applied:2020","403440","須恵町","17-1-000","non_legal_applied","2020","25295","23308","1924043","1802828","2860","295852","295852","227459","68393","","","","","","","","","","","","","","","","","","","",""
"403458:17-1-000:legal_applied:2020","403458","新宮町","17-1-000","legal_applied","2020","28650","27621","2684084","2430874","3300","423812","424762","284065","140697","821015","7248","105154","122454","0","71329","52587","80477","478018","32614","116","1405","30985","20","5673","0","141614","0","79704","903213"
"403482:17-1-000:legal_applied:2020","403482","久山町","17-1-000","legal_applied","2020","8822","8357","933629","875020","3080","175262","175253","132537","42716","338370","7252","0","17143","0","52786","26394","49272","195350","0","1183","481","186","0","0","991","24322","62870","35158","396207"
"403491:17-1-000:legal_applied:2020","403491","粕屋町","17-1-000","legal_applied","2020","47403","45764","4478634","4197610","2750","636926","669417","537548","131869","1069909","84736","0","0","0","30336","25485","137381","538994","10816","21","2752","1227","650","0","2228","84148","381958","28823","1214483"
"403814:17-1-000:legal_applied:2020","403814","芦屋町","17-1-000","legal_applied","2020","13311","13222","1722685","1391827","3402","316718","316718","212289","104429","647943","27342","29380","139854","0","21492","13357","17023","428370","19525","128","1717","53690","2331","5295","642","114152","0","12115","668345"
"403822:17-1-000:legal_applied:2020","403822","水巻町","17-1-000","legal_applied","2020","26068","23563","2053718","2053718","3465","349126","350205","322345","27860","667688","7126","17817","0","0","72410","32218","104144","345346","2994","33","268","1062","0","0","0","37444","224989","23337","771835"
"403831:17-1-000:legal_applied:2020","403831","岡垣町","17-1-000","legal_applied","2020","29743","28961","3031764","2737787","3150","434582","434582","329237","105345","799919","17080","7436","159947","0","68383","50187","94866","469446","30607","436","910","36101","0","4586","0","129965","0","77947","895051"
"403849:17-1-000:legal_applied:2020","403849","遠賀町","17-1-000","legal_applied","2020","16134","14705","1344986","1344986","3410","220161","222161","197000","25161","428659","10660","0","0","0","39452","19443","50262","231821","2186","19","196","1752","0","0","0","4053","146726","22645","479103"
"404012:17-1-000:non_legal_applied:2020","404012","小竹町","17-1-000","non_legal_applied","2020","783","307","33723","33723","4180","6784","40254","40254","0","","","","","","","","","","","","","","","","","","","",""
"404021:17-1-000:non_legal_applied:2020","404021","鞍手町","17-1-000","non_legal_applied","2020","8187","6534","623063","603281","3080","76944","93392","88397","4995","","","","","","","","","","","","","","","","","","","",""
"404471:17-1-000:legal_applied:2020","404471","筑前町","17-1-000","legal_applied","2020","27046","22982","2890523","2601471","3780","404218","404338","323618","80720","987710","27636","0","103889","0","39626","20757","180838","664092","21669","0","2266","18285","294","4602","0","92817","152467","10501","1168588"
"405035:17-1-000:non_legal_applied:2020","405035","大刀洗町","17-1-000","non_legal_applied","2020","14314","13191","1270157","1151683","3465","230283","237083","222320","14763","","","","","","","","","","","","","","","","","","","",""
"405442:17-1-000:legal_applied:2020","405442","広川町","17-1-000","legal_applied","2020","8748","5845","886939","769863","3920","137151","154590","154590","0","277519","14933","0","0","0","23344","16592","35876","126171","1529","0","285","0","0","0","944","3877","113071","18291","316636"
"406210:17-1-000:legal_applied:2020","406210","苅田町","17-1-000","legal_applied","2020","19541","14870","1503711","1457027","3520","279688","279689","248597","31092","639106","30822","31929","111702","0","99294","72719","58285","365359","19712","291","449","11771","288","5616","580","154497","0","20906","710473"
"406252:17-1-000:legal_applied:2020","406252","みやこ町","17-1-000","legal_applied","2020","1465","1244","138335","138335","3670","23679","43880","43880","0","93305","0","1007","21571","0","21302","12650","7346","49425","2954","0","226","4675","0","778","0","21110","0","4239","103403"
"406422:17-1-000:legal_applied:2020","406422","吉富町","17-1-000","legal_applied","2020","4010","2130","236524","237762","3170","36184","65331","65331","0","216766","12246","4960","24359","0","22569","14137","34865","152139","5006","138","265","546","0","1022","0","29430","0","15280","252828"
"406473:17-1-000:legal_applied:2020","406473","築上町","17-1-000","legal_applied","2020","1873","867","93075","93075","5500","19045","37075","37075","0","119464","2529","0","23776","317","6504","0","9870","85172","3022","31","226","2929","0","627","0","15106","0","15134","132117"
"412015:17-1-000:legal_applied:2020","412015","佐賀市","17-1-000","legal_applied","2020","178488","164999","20463770","17143361","3168","3028632","2645180","1308603","1336577","4888274","237936","124153","660855","185183","201325","344392","790187","3466913","141206","1764","2150","82781","38","90303","0","582364","0","184736","5686834"
"412023:17-1-000:legal_applied:2020","412023","唐津市","17-1-000","legal_applied","2020","73879","70976","8101846","6620782","3300","1292456","1333453","701956","631497","2531492","67879","49756","450594","47538","131564","145119","377037","1766225","73398","16179","4994","44370","1193","31222","0","397594","0","59073","2916404"
"412031:17-1-000:legal_applied:2020","412031","鳥栖市","17-1-000","legal_applied","2020","73601","67702","9310452","8562055","2475","1280598","1284308","480240","804068","1870879","25587","28912","369747","32307","32447","62135","310337","1380500","0","0","1","33354","3588","0","0","381067","0","10796","2181778"
"412040:17-1-000:non_legal_applied:2020","412040","多久市","17-1-000","non_legal_applied","2020","5742","4478","454776","436699","3960","78710","86868","54566","32302","","","","","","","","","","","","","","","","","","","",""
"412058:17-1-000:legal_applied:2020","412058","伊万里市","17-1-000","legal_applied","2020","29932","29114","3766615","2978729","3480","547658","589405","241052","348353","960607","5950","0","204867","0","29984","23047","92832","717489","20520","995","1106","10968","446","8594","0","160413","0","17037","1053447"
"412066:17-1-000:legal_applied:2020","412066","武雄市","17-1-000","legal_applied","2020","3989","1561","303424","273027","4180","51497","51414","50156","1258","169139","1882","0","26936","0","21338","17713","30189","118983","2864","84","183","1188","80","4165","0","21856","0","2023","199328"
"412074:17-1-000:legal_applied:2020","412074","鹿島市","17-1-000","legal_applied","2020","11983","8722","1028694","912218","2640","136379","187054","187054","0","834478","25932","36669","129791","17900","26233","37954","89183","532146","5238","126","447","15440","304","0","0","160611","0","93113","934562"
"412082:17-1-000:legal_applied:2020","412082","小城市","17-1-000","legal_applied","2020","10950","7982","715543","701179","3020","100789","123232","95700","27532","554446","548","3218","50388","7178","25581","22791","101784","464440","8429","78","869","1694","0","3098","0","26056","0","32685","661924"
"412091:17-1-000:non_legal_applied:2020","412091","嬉野市","17-1-000","non_legal_applied","2020","7200","4339","589854","492703","2970","80934","109455","109455","0","","","","","","","","","","","","","","","","","","","",""
"412104:17-1-000:legal_applied:2020","412104","神埼市","17-1-000","legal_applied","2020","12422","9822","1092765","928851","3850","191334","191334","114174","77160","496755","21683","4414","63820","5265","18433","12657","79075","383140","23188","0","519","16065","0","3516","0","51348","0","6881","576389"
"413275:17-1-000:non_legal_applied:2020","413275","吉野ヶ里町","17-1-000","non_legal_applied","2020","14864","13843","1847200","1473336","3630","311517","312946","145272","167674","","","","","","","","","","","","","","","","","","","",""
"413411:17-1-000:legal_applied:2020","413411","基山町","17-1-000","legal_applied","2020","13599","13380","1320826","1210679","3240","190177","192687","192687","0","334424","12317","0","90476","9140","34839","17023","34206","143907","21167","85","165","11978","0","0","0","83465","43745","15059","370800"
"413461:17-1-000:non_legal_applied:2020","413461","みやき町","17-1-000","non_legal_applied","2020","6698","5378","569847","569847","3850","91110","120471","75321","45150","","","","","","","","","","","","","","","","","","","",""
"414018:17-1-000:legal_applied:2020","414018","有田町","17-1-000","legal_applied","2020","9187","5650","581380","556420","3520","101692","101609","78196","23413","388995","11130","0","47364","0","21526","12696","63442","306709","12170","171","683","6920","0","2533","0","35480","0","17526","458330"
"420000:17-1-000:non_legal_applied:2020","420000","長崎県","17-1-000","non_legal_applied","2020","0","0","0","0","0","0","0","0","0","","","","","","","","","","","","","","","","","","","",""
"422011:17-1-000:legal_applied:2020","422011","長崎市","17-1-000","legal_applied","2020","380748","370853","47425756","36841467","3300","7412558","6357868","3492445","2865423","9653743","311369","107963","2595209","381032","232738","469387","969492","5785033","16101","1383","11625","426125","16879","4610","155","2256835","0","678726","10636351"
"422029:17-1-000:legal_applied:2020","422029","佐世保市","17-1-000","legal_applied","2020","146318","134590","15125489","13984099","2461","2021926","2102860","1614427","488433","3964361","315693","110549","827159","0","243458","319617","466689","2464704","128179","4923","1633","262625","14102","5586","0","660226","0","239272","4567556"
"422045:17-1-000:legal_applied:2020","422045","諫早市","17-1-000","legal_applied","2020","77406","66595","11283643","10555857","3320","1867606","1309998","908488","401510","2309234","45299","24779","332040","0","99683","68196","301883","1354884","62782","648","1845","46051","0","27571","873","227194","447052","74653","2613632"
"422053:17-1-000:legal_applied:2020","422053","大村市","17-1-000","legal_applied","2020","87634","85674","13319039","11506903","3003","1689655","950121","696009","254112","2155197","88870","57624","396281","85861","129016","138134","220987","1338070","80833","3399","1618","94776","1939","925","0","394411","12102","96070","2383264"
"422088:17-1-000:legal_applied:2020","422088","松浦市","17-1-000","legal_applied","2020","5130","3681","386090","379441","3410","64337","64168","63852","316","239233","1747","0","32950","0","29387","22098","51224","175088","5573","153","323","126","0","843","0","26547","0","9460","291435"
"422100:17-1-000:non_legal_applied:2020","422100","壱岐市","17-1-000","non_legal_applied","2020","3408","1917","250958","256523","3040","40486","52920","52920","0","","","","","","","","","","","","","","","","","","","",""
"422134:17-1-000:legal_applied:2020","422134","雲仙市","17-1-000","legal_applied","2020","4257","2804","393131","271396","3080","38653","66222","66222","0","248825","3323","0","38792","0","11316","9328","15248","182603","4602","104","197","2082","0","376","0","32508","0","17025","264073"
"422142:17-1-000:legal_applied:2020","422142","南島原市","17-1-000","legal_applied","2020","4536","2994","416990","306218","2750","42739","52360","52360","0","360200","5099","26211","15738","0","18324","20911","29141","294828","4937","3020","1226","7012","18","335","0","23118","0","17994","402540"
"423076:17-1-000:legal_applied:2020","423076","長与町","17-1-000","legal_applied","2020","36580","36475","3482559","3173513","3256","555322","537650","299548","238102","747422","64291","0","177939","0","58925","40028","39212","417820","0","280","1626","8769","1552","0","513","225029","0","60720","795549"
"423084:17-1-000:legal_applied:2020","423084","時津町","17-1-000","legal_applied","2020","28447","27821","3069577","2716114","3256","483220","354469","252046","102423","636452","10756","3828","194607","0","42867","2772","59142","374201","0","0","691","12091","390","0","0","197511","0","48796","695594"
"423211:17-1-000:legal_applied:2020","423211","東彼杵町","17-1-000","legal_applied","2020","3439","2782","279568","279129","3160","42085","89172","89172","0","209864","2853","0","32043","0","34464","25427","31447","140504","0","0","126","2205","0","0","0","34978","0","26417","261104"
"423220:17-1-000:legal_applied:2020","423220","川棚町","17-1-000","legal_applied","2020","9849","7988","882779","823857","2970","127530","170997","115215","55782","406911","13721","0","84656","0","17149","12137","61114","290076","12964","53","785","30875","0","3461","0","50307","0","6628","468400"
"423238:17-1-000:non_legal_applied:2020","423238","波佐見町","17-1-000","non_legal_applied","2020","6792","6161","530476","539816","3080","86847","99450","99450","0","","","","","","","","","","","","","","","","","","","",""
"423912:17-1-000:legal_applied:2020","423912","佐々町","17-1-000","legal_applied","2020","12831","11063","1773699","1642946","3190","256589","256589","190103","66486","685937","10208","30594","131313","0","21360","15027","71979","492462","20018","245","911","23399","22","0","0","125931","0","14953","764947"
"431001:17-1-000:legal_applied:2020","431001","熊本市","17-1-000","legal_applied","2020","660810","643661","85145464","72339449","2346","10247051","10850917","4676657","6174260","15535678","797796","387820","2473923","384263","519346","1083717","1919373","10179546","304041","4970","7150","456325","17312","33231","0","2200060","447637","857152","17510514"
"432024:17-1-000:legal_applied:2020","432024","八代市","17-1-000","legal_applied","2020","53178","45645","6435947","5194153","3760","975376","1342076","526338","815738","2198637","33415","90271","281352","0","129478","117538","293701","1604562","43072","755","17345","64283","0","21959","3711","236185","59395","40590","2503096"
"432032:17-1-000:legal_applied:2020","432032","人吉市","17-1-000","legal_applied","2020","23214","21533","3001581","2278974","3850","459991","523796","244835","278961","875388","12135","18253","175364","0","54018","29376","66055","615495","26002","340","1174","984","39","0","0","175052","0","35218","949735"
"432041:17-1-000:legal_applied:2020","432041","荒尾市","17-1-000","legal_applied","2020","36632","33011","4639601","3960852","3630","745676","745676","427993","317683","1103782","50643","31535","313367","0","81509","71880","97270","614646","10732","5258","845","70633","3411","2956","0","300301","0","28296","1206228"
"432059:17-1-000:legal_applied:2020","432059","水俣市","17-1-000","legal_applied","2020","12441","11447","1585409","1397499","3510","253567","285610","185857","99753","1063074","11450","2944","157611","11470","30127","29009","51126","843465","0","0","198","6528","70","0","65","152553","0","31186","1114200"
"432067:17-1-000:legal_applied:2020","432067","玉名市","17-1-000","legal_applied","2020","35947","32506","5018327","3599662","3610","625373","625373","367248","258125","1281594","55707","29936","247511","0","99047","76878","124532","849352","41338","6740","787","24843","13627","0","0","254031","0","16523","1408651"
"432083:17-1-000:legal_applied:2020","432083","山鹿市","17-1-000","legal_applied","2020","20535","16320","6156980","2973473","3255","379150","410892","191444","219448","864885","39788","23675","192640","0","28368","25775","58919","580414","52901","786","688","35169","4733","0","0","153441","0","19826","932652"
"432105:17-1-000:legal_applied:2020","432105","菊池市","17-1-000","legal_applied","2020","15239","14522","2830730","1967918","3690","330522","330642","179735","150907","648238","19993","13175","134582","0","17550","15838","44416","461020","39732","929","392","10979","936","4238","0","94317","0","19883","692680"
"432113:17-1-000:legal_applied:2020","432113","宇土市","17-1-000","legal_applied","2020","28017","26667","4972680","3635990","3050","525434","545398","247318","298080","814045","23220","4364","180980","28030","16726","32654","57400","536255","38870","844","806","16573","3632","0","0","157933","0","28891","873858"
"432130:17-1-000:legal_applied:2020","432130","宇城市","17-1-000","legal_applied","2020","28212","24343","3406396","2750928","3140","424146","581602","394256","187346","924361","11861","0","211026","0","73265","31613","104555","510090","17619","451","1261","10899","74","2289","2980","140252","116200","90907","1029190"
"432148:17-1-000:non_legal_applied:2020","432148","阿蘇市","17-1-000","non_legal_applied","2020","6608","5119","1261899","710944","2585","109188","173257","156029","17228","","","","","","","","","","","","","","","","","","","",""
"432156:17-1-000:legal_applied:2020","432156","天草市","17-1-000","legal_applied","2020","24997","24142","3554643","2504832","3740","472032","472032","312231","159801","1019359","28818","39701","246265","0","42058","64179","55854","648003","38031","2878","1091","9970","2760","874","760","215273","0","39721","1079394"
"432164:17-1-000:legal_applied:2020","432164","合志市","17-1-000","legal_applied","2020","48530","48268","4931146","4763508","2470","564897","500415","340339","160076","688564","11443","17107","574","0","96000","55744","58006","344961","5182","29","687","1226","2014","0","0","17728","216150","45776","747503"
"433683:17-1-000:legal_applied:2020","433683","長洲町","17-1-000","legal_applied","2020","15229","14022","1401583","1304114","3517","226375","170048","135031","35017","706221","25012","7001","126312","17946","24447","38092","77230","505061","26461","269","1022","18987","28","347","0","102241","0","19384","789122"
"434035:17-1-000:legal_applied:2020","434035","大津町","17-1-000","legal_applied","2020","26982","25697","3606327","3606327","2200","418739","260911","260911","0","726813","21483","6470","187078","0","44739","16871","48509","466507","0","0","0","1190","97","0","0","231317","0","11436","775927"
"434043:17-1-000:legal_applied:2020","434043","菊陽町","17-1-000","legal_applied","2020","42030","41407","7519860","7282653","2020","786617","735163","439532","295631","1125684","61579","24277","0","28614","20480","24963","123777","662090","9921","61","1196","4539","0","0","6180","65572","328644","24694","1251637"
"434418:17-1-000:non_legal_applied:2020","434418","御船町","17-1-000","non_legal_applied","2020","8609","7468","901210","755313","3260","129002","130646","104300","26346","","","","","","","","","","","","","","","","","","","",""
"434426:17-1-000:non_legal_applied:2020","434426","嘉島町","17-1-000","non_legal_applied","2020","7182","5818","960787","832681","4190","154046","154046","69147","84899","","","","","","","","","","","","","","","","","","","",""
"434434:17-1-000:legal_applied:2020","434434","益城町","17-1-000","legal_applied","2020","25781","25398","3123836","2392822","3284","370033","674080","282266","391814","894124","0","1106","153782","21909","105469","66280","87087","611858","24472","0","1286","24158","2420","10526","0","107746","0","45413","981246"
"442011:17-1-000:legal_applied:2020","442011","大分市","17-1-000","legal_applied","2020","308870","286261","43133174","33342293","2791","5084186","5102398","2201739","2900659","10461670","373255","92659","1852984","222087","220875","226923","1216116","7638659","0","4754","12903","286841","5781","0","0","2124331","0","226699","11743007"
"442020:17-1-000:legal_applied:2020","442020","別府市","17-1-000","legal_applied","2020","76620","69217","14851000","9673480","2150","962367","1178523","543060","635463","1894577","12854","72722","318637","0","195437","118392","167168","1294927","88602","2241","1155","10528","4038","15050","0","282690","0","77016","2061807"
"442038:17-1-000:legal_applied:2020","442038","中津市","17-1-000","legal_applied","2020","32958","26051","4021581","2914634","3300","500955","533540","452547","80993","1529196","50056","30674","280691","48941","31492","82836","185341","1052261","49210","161","846","33320","2701","10621","0","212814","0","108882","1738993"
"442046:17-1-000:legal_applied:2020","442046","日田市","17-1-000","legal_applied","2020","45256","40173","6209991","5294433","3130","822506","821570","397768","423802","1518898","57930","16280","215119","48250","81973","91575","168501","1074185","43674","1293","1130","30165","0","4863","0","179929","0","93856","1689171"
"442054:17-1-000:legal_applied:2020","442054","佐伯市","17-1-000","legal_applied","2020","19121","15071","3392658","1907739","2910","279228","283200","162629","120571","774580","20757","2684","102601","0","27463","32445","82952","607620","17779","1571","355","17380","0","3071","0","75572","0","59338","898083"
"442062:17-1-000:legal_applied:2020","442062","臼杵市","17-1-000","legal_applied","2020","16136","13655","1883164","1602947","2920","262521","228523","150653","77870","730017","8918","28767","106480","0","52761","45798","79213","533091","25645","173","1850","20064","0","2278","0","84813","0","16305","809230"
"442071:17-1-000:non_legal_applied:2020","442071","津久見市","17-1-000","non_legal_applied","2020","9098","7398","1269107","917120","2810","157460","189160","123664","65496","","","","","","","","","","","","","","","","","","","",""
"442097:17-1-000:legal_applied:2020","442097","豊後高田市","17-1-000","legal_applied","2020","9446","7805","1326532","945568","2940","143582","142972","97331","45641","521913","11748","0","62349","15835","16133","41357","42872","401365","11849","259","667","5520","0","3712","690","45034","0","12776","566101"
"442101:17-1-000:legal_applied:2020","442101","杵築市","17-1-000","legal_applied","2020","7495","4983","538933","508296","2750","69500","76484","68208","8276","372096","2818","9212","15854","0","34889","29272","46933","297397","8570","777","218","746","0","0","0","15610","0","19913","419436"
"442119:17-1-000:legal_applied:2020","442119","宇佐市","17-1-000","legal_applied","2020","15745","12417","1995031","1700819","2930","257541","258523","167833","90690","529766","18801","0","103139","0","45594","55043","68486","362232","17557","0","831","4068","0","0","0","81727","0","10147","600091"
"442143:17-1-000:legal_applied:2020","442143","国東市","17-1-000","legal_applied","2020","3800","2724","428338","417905","3080","67354","64126","53964","10162","242596","16983","0","19654","0","18642","20054","17881","187317","4000","109","734","553","0","1384","0","19005","0","9634","260671"
"443417:17-1-000:legal_applied:2020","443417","日出町","17-1-000","legal_applied","2020","16246","13382","1841411","1427626","2809","211200","203039","162636","40403","473414","6367","397","127214","8678","23388","18455","33324","306320","0","30","71","13244","0","0","0","128121","0","18998","518563"
"452017:17-1-000:legal_applied:2020","452017","宮崎市","17-1-000","legal_applied","2020","356849","334022","43493373","36192051","2386","4772314","5479702","2393425","3086277","8626325","242217","287511","1530595","377978","210261","424641","1029207","5848021","356183","29","1418","393915","257","6869","9695","1048289","0","573878","9692402"
"452025:17-1-000:legal_applied:2020","452025","都城市","17-1-000","legal_applied","2020","71399","59076","8562539","7462976","2793","1092549","1108024","559681","548343","2405505","98163","32343","535093","43235","30522","79181","290969","1626075","88371","2444","2102","52754","35","0","28266","464300","0","77086","2711583"
"452033:17-1-000:legal_applied:2020","452033","延岡市","17-1-000","legal_applied","2020","86771","84377","12789969","9786236","2619","1404380","1467935","601896","866039","2488320","41957","77892","359714","114575","85287","154060","363013","1805350","130","16","88","29535","2553","0","0","397243","0","99378","2851366"
"452041:17-1-000:legal_applied:2020","452041","日南市","17-1-000","legal_applied","2020","18250","14931","2333098","1752590","3025","284920","263305","183880","79425","833480","18554","14614","183979","0","54019","60548","98281","557876","32064","0","0","27222","0","286","0","145742","0","23046","945065"
"452050:17-1-000:legal_applied:2020","452050","小林市","17-1-000","legal_applied","2020","9338","7536","1074171","992417","2882","136968","148863","122671","26192","412929","7515","0","80861","0","34293","26115","63563","290258","12203","0","22","4130","0","0","0","77294","0","2907","476492"
"452068:17-1-000:legal_applied:2020","452068","日向市","17-1-000","legal_applied","2020","35265","32430","3911352","3635828","2750","457568","504036","270075","233961","995510","10640","30214","169304","0","77290","49164","122850","706248","44459","361","799","3194","40","9328","0","157217","0","25292","1118952"
"452076:17-1-000:non_legal_applied:2020","452076","串間市","17-1-000","non_legal_applied","2020","3670","2606","250586","257278","2629","37344","39358","39358","0","","","","","","","","","","","","","","","","","","","",""
"452084:17-1-000:legal_applied:2020","452084","西都市","17-1-000","legal_applied","2020","14481","13770","2339840","1883554","3278","251891","281506","116894","164612","586229","16135","1","93880","0","34402","18201","63114","437424","16339","792","887","4781","0","4342","0","89326","0","14377","649583"
"453412:17-1-000:non_legal_applied:2020","453412","三股町","17-1-000","non_legal_applied","2020","11534","6962","595507","601386","3388","115785","123185","62475","60710","","","","","","","","","","","","","","","","","","","",""
"453820:17-1-000:non_legal_applied:2020","453820","国富町","17-1-000","non_legal_applied","2020","7822","6028","631973","673315","2552","98050","100997","83987","17010","","","","","","","","","","","","","","","","","","","",""
"453838:17-1-000:non_legal_applied:2020","453838","綾町","17-1-000","non_legal_applied","2020","4180","2932","293942","308571","2680","46263","46489","41534","4955","","","","","","","","","","","","","","","","","","","",""
"454010:17-1-000:non_legal_applied:2020","454010","高鍋町","17-1-000","non_legal_applied","2020","7228","6196","724058","698969","2552","109807","145498","61101","84397","","","","","","","","","","","","","","","","","","","",""
"454052:17-1-000:non_legal_applied:2020","454052","川南町","17-1-000","non_legal_applied","2020","3475","2551","420952","334778","2700","48955","61487","61487","0","","","","","","","","","","","","","","","","","","","",""
"454419:17-1-000:non_legal_applied:2020","454419","高千穂町","17-1-000","non_legal_applied","2020","3864","3446","393994","427449","3190","74986","100745","73325","27420","","","","","","","","","","","","","","","","","","","",""
"462012:17-1-000:legal_applied:2020","462012","鹿児島市","17-1-000","legal_applied","2020","471600","463300","61293763","54369674","1837","5679794","5854476","3300789","2553687","8817165","539415","0","2307739","214014","372774","970542","748211","5172494","380448","21950","16922","442939","30201","242031","1368","1345008","0","236089","9608203"
"462039:17-1-000:legal_applied:2020","462039","鹿屋市","17-1-000","legal_applied","2020","18380","14465","2027899","1914133","1815","185268","287114","212304","74810","718531","14249","0","112106","0","83877","54645","84383","508293","0","0","151","2666","522","0","1898","129679","0","23249","805486"
"462047:17-1-000:legal_applied:2020","462047","枕崎市","17-1-000","legal_applied","2020","12760","11306","1963031","1454083","2735","247063","278028","270638","7390","620221","12019","15785","190587","0","46567","43486","41200","344848","29885","1504","394","11559","0","18452","0","158549","0","17912","667789"
"462080:17-1-000:legal_applied:2020","462080","出水市","17-1-000","legal_applied","2020","23289","20773","3148335","2744745","2310","350444","389700","291084","98616","996536","29506","19109","159674","13660","74872","43105","94992","699715","28264","431","682","11365","160","9357","12721","180170","0","13708","1094670"
"462101:17-1-000:legal_applied:2020","462101","指宿市","17-1-000","legal_applied","2020","10957","10255","2045131","1804513","2720","225243","237300","156697","80603","661405","15059","32159","109256","8005","14824","22428","48104","474603","5995","124","351","11963","0","0","0","129485","0","20151","713204"
"462152:17-1-000:legal_applied:2020","462152","薩摩川内市","17-1-000","legal_applied","2020","9538","5336","788900","752702","3130","114871","122662","122623","39","390399","2709","3379","81630","0","36404","19921","70288","266277","259","118","378","8823","0","0","454","88217","0","7832","462567"
"462161:17-1-000:legal_applied:2020","462161","日置市","17-1-000","legal_applied","2020","19210","18206","2046598","2060297","2750","271807","324603","183291","141312","530417","4821","3560","119513","0","54021","21162","33698","348502","0","0","0","10864","0","0","0","145613","0","5652","565491"
"462179:17-1-000:legal_applied:2020","462179","曽於市","17-1-000","legal_applied","2020","4330","3064","379009","356559","2480","43365","65884","34584","31300","148789","517","0","16845","0","17222","16114","19909","114205","4021","0","243","1089","0","354","0","11636","0","1127","168698"
"462187:17-1-000:legal_applied:2020","462187","霧島市","17-1-000","legal_applied","2020","40663","34637","4735135","4026898","1815","378891","587099","271844","315255","812886","4506","19951","131483","0","112195","43557","107357","544687","31188","198","1093","10901","208","13819","0","143866","0","27618","924492"
"462195:17-1-000:legal_applied:2020","462195","いちき串木野市","17-1-000","legal_applied","2020","9970","9222","1365664","1406899","2243","177430","343340","153954","189386","562836","3746","778","74945","0","73549","23954","57043","409799","14134","233","277","6829","105","4868","0","57643","0","46708","621593"
"462209:17-1-000:legal_applied:2020","462209","南さつま市","17-1-000","legal_applied","2020","0","0","0","0","0","0","0","0","0","0","0","0","0","0","0","0","0","0","0","0","0","0","0","0","0","0","0","0","0"
"462217:17-1-000:non_legal_applied:2020","462217","志布志市","17-1-000","non_legal_applied","2020","0","0","0","0","0","0","0","0","0","","","","","","","","","","","","","","","","","","","",""
"462225:17-1-000:legal_applied:2020","462225","奄美市","17-1-000","legal_applied","2020","33249","31332","3979704","3683240","2616","455846","520555","295139","225416","1007731","18118","8464","188711","0","91245","89773","82589","700917","39057","0","583","11213","2445","6955","1378","144224","0","18147","1097281"
"462233:17-1-000:legal_applied:2020","462233","南九州市","17-1-000","legal_applied","2020","4040","3847","543395","434644","1870","40787","23837","23837","0","193491","6642","0","17195","0","13249","9191","11437","156134","8213","56","174","1189","0","0","0","17720","0","967","205081"
"464686:17-1-000:non_legal_applied:2020","464686","大崎町","17-1-000","non_legal_applied","2020","3235","3088","287264","299231","1980","32642","44885","39527","5358","","","","","","","","","","","","","","","","","","","",""
"465291:17-1-000:non_legal_applied:2020","465291","喜界町","17-1-000","non_legal_applied","2020","3216","1868","265470","285965","2990","43778","51937","51937","0","","","","","","","","","","","","","","","","","","","",""
"465305:17-1-000:non_legal_applied:2020","465305","徳之島町","17-1-000","non_legal_applied","2020","2278","1372","199121","223781","2530","30307","24597","24597","0","","","","","","","","","","","","","","","","","","","",""
"465330:17-1-000:non_legal_applied:2020","465330","和泊町","17-1-000","non_legal_applied","2020","3240","2715","283840","283840","2960","44767","58077","58077","0","","","","","","","","","","","","","","","","","","","",""
"465348:17-1-000:non_legal_applied:2020","465348","知名町","17-1-000","non_legal_applied","2020","2248","1741","323049","261655","2750","41023","41023","33230","7793","","","","","","","","","","","","","","","","","","","",""
"472018:17-1-000:legal_applied:2020","472018","那覇市","17-1-000","legal_applied","2020","313368","302318","34340882","34340773","1489","3092870","3332004","2446904","885100","4444905","476785","44411","0","201822","206024","317992","229675","1785884","9687","468","624","213968","1500","0","0","186957","1665217","273572","4685544"
"472051:17-1-000:legal_applied:2020","472051","宜野湾市","17-1-000","legal_applied","2020","95862","79992","9247025","9247025","1670","843824","788193","623598","164595","1440434","110302","33982","0","30173","28047","70799","89914","777590","8808","339","723","7204","0","0","0","107884","445586","23785","1532632"
"472077:17-1-000:legal_applied:2020","472077","石垣市","17-1-000","legal_applied","2020","15356","10324","1091505","1137867","1430","98243","234348","234348","0","649439","2641","1360","138712","0","74139","57989","57209","427497","0","0","104","0","0","0","0","132600","0","53596","728995"
"472085:17-1-000:legal_applied:2020","472085","浦添市","17-1-000","legal_applied","2020","111404","106495","12163988","12163988","1408","1000141","1013221","794682","218539","1580071","109308","52077","0","26249","109151","118645","52554","695085","13869","62","844","63672","0","0","0","48967","588201","54991","1636890"
"472093:17-1-000:legal_applied:2020","472093","名護市","17-1-000","legal_applied","2020","43630","38668","4930665","4183199","1404","356872","527528","270195","257333","1006140","40597","10003","189579","21292","43280","41095","71061","698387","43551","248","884","26056","269","21574","0","153597","0","24621","1081343"
"472107:17-1-000:legal_applied:2020","472107","糸満市","17-1-000","legal_applied","2020","42385","36449","4779407","4168460","1446","370991","774790","142298","632492","966794","9958","0","177742","0","41869","16351","76503","714456","37171","194","247","8445","0","19997","0","132775","0","40058","1046197"
"472115:17-1-000:legal_applied:2020","472115","沖縄市","17-1-000","legal_applied","2020","138540","122632","14788408","14788408","1584","1133592","1593727","967687","626040","2460713","179036","78935","0","17968","47064","107881","178884","1371875","26650","0","1593","20367","0","0","0","177758","713114","54225","2652347"
"472123:17-1-000:legal_applied:2020","472123","豊見城市","17-1-000","legal_applied","2020","46582","42211","4101927","4101927","1342","317574","485297","294594","190703","811332","33696","29411","0","0","45429","12212","61015","502441","9800","104","454","12036","0","6223","0","33789","198605","39777","876456"
"472131:17-1-000:legal_applied:2020","472131","うるま市","17-1-000","legal_applied","2020","83425","68588","8768379","7569071","1485","652809","1135362","796666","338696","2115181","230556","81898","174812","0","100930","135663","199630","1263383","43843","562","3058","11402","5432","9881","0","266875","262819","122502","2325050"
"472140:17-1-000:legal_applied:2020","472140","宮古島市","17-1-000","legal_applied","2020","8793","7044","1020755","1362094","1436","141434","204314","189527","14787","449676","2573","4014","119226","0","63714","37426","46216","260149","22974","354","225","22263","0","11262","0","52810","0","42213","495892"
"472158:17-1-000:legal_applied:2020","472158","南城市","17-1-000","legal_applied","2020","12006","7968","744800","744800","1394","54069","111720","87021","24699","241103","3523","1783","0","0","23569","7631","40756","172130","781","0","144","82","0","0","0","16044","36398","25941","299907"
"473081:17-1-000:non_legal_applied:2020","473081","本部町","17-1-000","non_legal_applied","2020","8431","7138","1421041","1100949","1474","132167","188268","188268","0","","","","","","","","","","","","","","","","","","","",""
"473243:17-1-000:legal_applied:2020","473243","読谷村","17-1-000","legal_applied","2020","10248","6728","800767","799421","1287","58082","126767","83787","42980","218184","12709","0","29206","0","19893","19714","23690","134785","0","5187","39","494","32","934","0","28230","21591","7566","242262"
"473251:17-1-000:non_legal_applied:2020","473251","嘉手納町","17-1-000","non_legal_applied","2020","13330","13152","2292624","2292624","1000","196894","208033","179839","28194","","","","","","","","","","","","","","","","","","","",""
"473260:17-1-000:legal_applied:2020","473260","北谷町","17-1-000","legal_applied","2020","28549","27787","5534606","5534606","1045","444968","465867","345989","119878","619083","57138","19424","0","0","19680","34114","29967","252348","5845","62","476","3942","0","0","0","40027","268042","15575","650398"
"473278:17-1-000:legal_applied:2020","473278","北中城村","17-1-000","legal_applied","2020","11359","7918","1384784","1384784","1155","114857","159242","113567","45675","285441","16078","0","0","7584","18347","9384","31856","170876","0","1274","20","909","0","0","0","25985","67080","15315","322699"
"473286:17-1-000:non_legal_applied:2020","473286","中城村","17-1-000","non_legal_applied","2020","13027","7800","729892","729892","1220","55198","109484","60826","48658","","","","","","","","","","","","","","","","","","","",""
"473294:17-1-000:legal_applied:2020","473294","西原町","17-1-000","legal_applied","2020","14894","10183","1515089","1515089","1224","138933","229007","130243","98764","354579","2683","0","0","0","49908","39802","31699","225704","0","0","10","98","0","0","0","7280","73284","9760","387637"
"473481:17-1-000:non_legal_applied:2020","473481","与那原町","17-1-000","non_legal_applied","2020","15979","12810","1140880","1140880","1326","77119","191040","66192","124848","","","","","","","","","","","","","","","","","","","",""
"473502:17-1-000:legal_applied:2020","473502","南風原町","17-1-000","legal_applied","2020","28270","24176","2479707","2479707","1342","193622","295251","169577","125674","463433","3474","0","0","0","65516","42845","43139","273623","0","159","146","30","0","0","0","20197","119870","7019","507028"
